{
  "case": "t_shape",
  "resolution": 4.0,
  "before_stitch": {
    "label": "before_stitch",
    "n_vertices": 3264,
    "n_quads": 3131,
    "n_tris": 0,
    "n_free_edges": 264,
    "n_nonmanifold_edges": 0,
    "n_t_junctions": 0,
    "n_duplicate_verts": 0,
    "n_orphan_verts": 0,
    "n_components": 1,
    "mean_edge_length": 3.9121050985298718,
    "edge_length_cv": 0.0050926299412901,
    "aspect_ratio": {
      "min": 1.0008271298593725,
      "p05": 1.0008271298593798,
      "median": 1.0008271298593945,
      "mean": 1.0054827725046358,
      "p95": 1.0122959080830585,
      "max": 1.0122959080830658
    },
    "min_angle": {
      "min": 90.0,
      "p05": 90.0,
      "median": 90.0,
      "mean": 90.0,
      "p95": 90.0,
      "max": 90.0
    },
    "max_angle": {
      "min": 90.0,
      "p05": 90.0,
      "median": 90.0,
      "mean": 90.0,
      "p95": 90.0,
      "max": 90.0
    },
    "skewness": {
      "min": 0.0,
      "p05": 0.0,
      "median": 0.0,
      "mean": 0.0,
      "p95": 0.0,
      "max": 0.0
    },
    "planarity": {
      "min": 0.0,
      "p05": 0.0,
      "median": 0.0,
      "mean": 0.0,
      "p95": 0.0,
      "max": 0.0
    },
    "jacobian": {
      "min": 1.0,
      "p05": 1.0,
      "median": 1.0,
      "mean": 1.0,
      "p95": 1.0,
      "max": 1.0
    },
    "n_sliver_quads": 0,
    "n_sliver_tris": 0,
    "n_nonplanar_quads": 0,
    "n_inverted_quads": 0
  },
  "after_stitch": {
    "label": "after_stitch",
    "n_vertices": 3264,
    "n_quads": 3131,
    "n_tris": 0,
    "n_free_edges": 256,
    "n_nonmanifold_edges": 0,
    "n_t_junctions": 0,
    "n_duplicate_verts": 4,
    "n_orphan_verts": 4,
    "n_components": 1,
    "mean_edge_length": 3.9153428783580986,
    "edge_length_cv": 0.023892929600081294,
    "aspect_ratio": {
      "min": 1.0008271298593725,
      "p05": 1.0008271298593798,
      "median": 1.0008271298593945,
      "mean": 1.0088125666214542,
      "p95": 1.0122959080830585,
      "max": 1.7254485659302226
    },
    "min_angle": {
      "min": 58.7312148205947,
      "p05": 90.0,
      "median": 90.0,
      "mean": 89.85840699432956,
      "p95": 90.0,
      "max": 90.0
    },
    "max_angle": {
      "min": 90.0,
      "p05": 90.0,
      "median": 90.0,
      "mean": 90.06236757922349,
      "p95": 90.0,
      "max": 114.36041421226275
    },
    "skewness": {
      "min": 0.0,
      "p05": 0.0,
      "median": 0.0,
      "mean": 0.001573255618560626,
      "p95": 0.0,
      "max": 0.3474309464378367
    },
    "planarity": {
      "min": 0.0,
      "p05": 0.0,
      "median": 0.0,
      "mean": 0.0022864373497260716,
      "p95": 0.0,
      "max": 0.7224132152770827
    },
    "jacobian": {
      "min": 0.8547417380502271,
      "p05": 1.0,
      "median": 1.0,
      "mean": 0.9994054848073404,
      "p95": 1.0,
      "max": 1.0
    },
    "n_sliver_quads": 0,
    "n_sliver_tris": 0,
    "n_nonplanar_quads": 16,
    "n_inverted_quads": 0
  },
  "parse": {
    "n_panels": 3,
    "n_fold_lines": 2
  }
}