{
  "case": "wide_t",
  "resolution": 2.0,
  "before_stitch": {
    "label": "before_stitch",
    "n_vertices": 11436,
    "n_quads": 11159,
    "n_tris": 0,
    "n_free_edges": 656,
    "n_nonmanifold_edges": 0,
    "n_t_junctions": 34,
    "n_duplicate_verts": 0,
    "n_orphan_verts": 0,
    "n_components": 1,
    "mean_edge_length": 1.7545270188079367,
    "edge_length_cv": 0.3342301581362818,
    "aspect_ratio": {
      "min": 1.0013988249869707,
      "p05": 1.0013988249869992,
      "median": 1.008150050240043,
      "mean": 8.802255690155564,
      "p95": 32.19971348096169,
      "max": 354.196848289937
    },
    "min_angle": {
      "min": 90.0,
      "p05": 90.0,
      "median": 90.0,
      "mean": 90.0,
      "p95": 90.0,
      "max": 90.0
    },
    "max_angle": {
      "min": 90.0,
      "p05": 90.0,
      "median": 90.0,
      "mean": 90.0,
      "p95": 90.0,
      "max": 90.0
    },
    "skewness": {
      "min": 0.0,
      "p05": 0.0,
      "median": 0.0,
      "mean": 0.0,
      "p95": 0.0,
      "max": 0.0
    },
    "planarity": {
      "min": 0.0,
      "p05": 0.0,
      "median": 0.0,
      "mean": 0.0,
      "p95": 0.0,
      "max": 0.0
    },
    "jacobian": {
      "min": 1.0,
      "p05": 1.0,
      "median": 1.0,
      "mean": 1.0,
      "p95": 1.0,
      "max": 1.0
    },
    "n_sliver_quads": 2592,
    "n_sliver_tris": 0,
    "n_nonplanar_quads": 0,
    "n_inverted_quads": 0
  },
  "after_stitch": {
    "label": "after_stitch",
    "n_vertices": 11436,
    "n_quads": 11159,
    "n_tris": 0,
    "n_free_edges": 652,
    "n_nonmanifold_edges": 0,
    "n_t_junctions": 34,
    "n_duplicate_verts": 2,
    "n_orphan_verts": 2,
    "n_components": 1,
    "mean_edge_length": 1.7547420210598437,
    "edge_length_cv": 0.33422834405097335,
    "aspect_ratio": {
      "min": 1.0013988249869707,
      "p05": 1.0013988249869992,
      "median": 1.008150050240043,
      "mean": 8.802760396072031,
      "p95": 32.19971348096169,
      "max": 354.196848289937
    },
    "min_angle": {
      "min": 62.345301597352375,
      "p05": 90.0,
      "median": 90.0,
      "mean": 89.98353433990523,
      "p95": 90.0,
      "max": 90.0
    },
    "max_angle": {
      "min": 90.0,
      "p05": 90.0,
      "median": 90.0,
      "mean": 90.00802055527919,
      "p95": 90.0,
      "max": 114.76376778055126
    },
    "skewness": {
      "min": 0.0,
      "p05": 0.0,
      "median": 0.0,
      "mean": 0.00018295177883081504,
      "p95": 0.0,
      "max": 0.30727442669608473
    },
    "planarity": {
      "min": 0.0,
      "p05": 0.0,
      "median": 0.0,
      "mean": 0.00010501694680820325,
      "p95": 0.0,
      "max": 0.38820895503535247
    },
    "jacobian": {
      "min": 0.8857608819213626,
      "p05": 1.0,
      "median": 1.0,
      "mean": 0.9999404339791474,
      "p95": 1.0,
      "max": 1.0
    },
    "n_sliver_quads": 2592,
    "n_sliver_tris": 0,
    "n_nonplanar_quads": 4,
    "n_inverted_quads": 0
  },
  "parse": {
    "n_panels": 2,
    "n_fold_lines": 1
  }
}