{
  "case": "h_shape",
  "resolution": 2.0,
  "before_stitch": {
    "label": "before_stitch",
    "n_vertices": 24080,
    "n_quads": 23484,
    "n_tris": 0,
    "n_free_edges": 1518,
    "n_nonmanifold_edges": 0,
    "n_t_junctions": 148,
    "n_duplicate_verts": 0,
    "n_orphan_verts": 0,
    "n_components": 1,
    "mean_edge_length": 1.8281495848910523,
    "edge_length_cv": 0.23212113627314163,
    "aspect_ratio": {
      "min": 1.0,
      "p05": 1.004058338617627,
      "median": 1.004058338617627,
      "mean": 2.2699735886557555,
      "p95": 6.000000000000085,
      "max": 84.0000000000191
    },
    "min_angle": {
      "min": 90.0,
      "p05": 90.0,
      "median": 90.0,
      "mean": 90.0,
      "p95": 90.0,
      "max": 90.0
    },
    "max_angle": {
      "min": 90.0,
      "p05": 90.0,
      "median": 90.0,
      "mean": 90.0,
      "p95": 90.0,
      "max": 90.0
    },
    "skewness": {
      "min": 0.0,
      "p05": 0.0,
      "median": 0.0,
      "mean": 0.0,
      "p95": 0.0,
      "max": 0.0
    },
    "planarity": {
      "min": 0.0,
      "p05": 0.0,
      "median": 0.0,
      "mean": 5.4029211866700075e-33,
      "p95": 0.0,
      "max": 1.5934970316829926e-30
    },
    "jacobian": {
      "min": 1.0,
      "p05": 1.0,
      "median": 1.0,
      "mean": 1.0,
      "p95": 1.0,
      "max": 1.0
    },
    "n_sliver_quads": 1408,
    "n_sliver_tris": 0,
    "n_nonplanar_quads": 0,
    "n_inverted_quads": 0
  },
  "after_stitch": {
    "label": "after_stitch",
    "n_vertices": 24080,
    "n_quads": 23484,
    "n_tris": 0,
    "n_free_edges": 1508,
    "n_nonmanifold_edges": 0,
    "n_t_junctions": 146,
    "n_duplicate_verts": 8,
    "n_orphan_verts": 8,
    "n_components": 1,
    "mean_edge_length": 1.8285784013666877,
    "edge_length_cv": 0.23226604995999983,
    "aspect_ratio": {
      "min": 1.0,
      "p05": 1.004058338617627,
      "median": 1.004058338617627,
      "mean": 2.2731581198285657,
      "p95": 6.000000000000085,
      "max": 102.74364852887157
    },
    "min_angle": {
      "min": 44.53674123433976,
      "p05": 90.0,
      "median": 90.0,
      "mean": 89.96126501835383,
      "p95": 90.0,
      "max": 90.0
    },
    "max_angle": {
      "min": 90.0,
      "p05": 90.0,
      "median": 90.0,
      "mean": 90.03671428019716,
      "p95": 90.0,
      "max": 179.30967856519504
    },
    "skewness": {
      "min": 0.0,
      "p05": 0.0,
      "median": 0.0,
      "mean": 0.0005579683830473393,
      "p95": 0.0,
      "max": 0.9923297618355005
    },
    "planarity": {
      "min": 0.0,
      "p05": 0.0,
      "median": 0.0,
      "mean": 0.00030685229883879554,
      "p95": 0.0,
      "max": 0.6769822665565778
    },
    "jacobian": {
      "min": -1.0,
      "p05": 1.0,
      "median": 1.0,
      "mean": 0.9993962059873889,
      "p95": 1.0,
      "max": 1.0
    },
    "n_sliver_quads": 1408,
    "n_sliver_tris": 0,
    "n_nonplanar_quads": 16,
    "n_inverted_quads": 6
  },
  "parse": {
    "n_panels": 5,
    "n_fold_lines": 4
  }
}