{
  "case": "h_shape",
  "resolution": 4.0,
  "before_stitch": {
    "label": "before_stitch",
    "n_vertices": 6225,
    "n_quads": 5924,
    "n_tris": 0,
    "n_free_edges": 760,
    "n_nonmanifold_edges": 0,
    "n_t_junctions": 0,
    "n_duplicate_verts": 0,
    "n_orphan_verts": 0,
    "n_components": 1,
    "mean_edge_length": 3.6390407651447885,
    "edge_length_cv": 0.29103957727681673,
    "aspect_ratio": {
      "min": 1.0064418340280121,
      "p05": 1.0064418340280268,
      "median": 1.0064418340280485,
      "mean": 50.886930894139965,
      "p95": 263.9999999997449,
      "max": 1848.00000002248
    },
    "min_angle": {
      "min": 90.0,
      "p05": 90.0,
      "median": 90.0,
      "mean": 90.0,
      "p95": 90.0,
      "max": 90.0
    },
    "max_angle": {
      "min": 90.0,
      "p05": 90.0,
      "median": 90.0,
      "mean": 90.0,
      "p95": 90.0,
      "max": 90.0
    },
    "skewness": {
      "min": 0.0,
      "p05": 0.0,
      "median": 0.0,
      "mean": 0.0,
      "p95": 0.0,
      "max": 0.0
    },
    "planarity": {
      "min": 0.0,
      "p05": 0.0,
      "median": 0.0,
      "mean": 3.046238942488101e-33,
      "p95": 0.0,
      "max": 8.009284658108015e-31
    },
    "jacobian": {
      "min": 1.0,
      "p05": 1.0,
      "median": 1.0,
      "mean": 1.0,
      "p95": 1.0,
      "max": 1.0
    },
    "n_sliver_quads": 924,
    "n_sliver_tris": 0,
    "n_nonplanar_quads": 0,
    "n_inverted_quads": 0
  },
  "after_stitch": {
    "label": "after_stitch",
    "n_vertices": 6225,
    "n_quads": 5924,
    "n_tris": 0,
    "n_free_edges": 752,
    "n_nonmanifold_edges": 0,
    "n_t_junctions": 0,
    "n_duplicate_verts": 8,
    "n_orphan_verts": 8,
    "n_components": 1,
    "mean_edge_length": 3.642621464724351,
    "edge_length_cv": 0.2907914297100641,
    "aspect_ratio": {
      "min": 1.0064418340280121,
      "p05": 1.0064418340280268,
      "median": 1.0064418340280485,
      "mean": 51.169390833746256,
      "p95": 263.9999999997449,
      "max": 2252.225280036942
    },
    "min_angle": {
      "min": 44.80036394548083,
      "p05": 90.0,
      "median": 90.0,
      "mean": 89.84634242451565,
      "p95": 90.0,
      "max": 90.0
    },
    "max_angle": {
      "min": 90.0,
      "p05": 90.0,
      "median": 90.0,
      "mean": 90.14242613187231,
      "p95": 90.0,
      "max": 179.9686228773799
    },
    "skewness": {
      "min": 0.0,
      "p05": 0.0,
      "median": 0.0,
      "mean": 0.0021823911898889814,
      "p95": 0.0,
      "max": 0.9996513653042209
    },
    "planarity": {
      "min": 0.0,
      "p05": 0.0,
      "median": 0.0,
      "mean": 0.0009623562283824661,
      "p95": 0.0,
      "max": 0.6737128730879072
    },
    "jacobian": {
      "min": -1.0,
      "p05": 1.0,
      "median": 1.0,
      "mean": 0.9974590481632908,
      "p95": 1.0,
      "max": 1.0
    },
    "n_sliver_quads": 924,
    "n_sliver_tris": 0,
    "n_nonplanar_quads": 12,
    "n_inverted_quads": 8
  },
  "parse": {
    "n_panels": 5,
    "n_fold_lines": 4
  }
}