{
  "case": "triple_junction",
  "resolution": 8.0,
  "before_stitch": {
    "label": "before_stitch",
    "n_vertices": 933,
    "n_quads": 858,
    "n_tris": 0,
    "n_free_edges": 148,
    "n_nonmanifold_edges": 0,
    "n_t_junctions": 0,
    "n_duplicate_verts": 15,
    "n_orphan_verts": 0,
    "n_components": 1,
    "mean_edge_length": 7.848882681564246,
    "edge_length_cv": 0.025430239884126404,
    "aspect_ratio": {
      "min": 1.0089869281045711,
      "p05": 1.008986928104573,
      "median": 1.0412615046018432,
      "mean": 1.0404161664665867,
      "p95": 1.074489795918369,
      "max": 1.0744897959183772
    },
    "min_angle": {
      "min": 90.0,
      "p05": 90.0,
      "median": 90.0,
      "mean": 90.0,
      "p95": 90.0,
      "max": 90.0
    },
    "max_angle": {
      "min": 90.0,
      "p05": 90.0,
      "median": 90.0,
      "mean": 90.0,
      "p95": 90.0,
      "max": 90.0
    },
    "skewness": {
      "min": 0.0,
      "p05": 0.0,
      "median": 0.0,
      "mean": 0.0,
      "p95": 0.0,
      "max": 0.0
    },
    "planarity": {
      "min": 0.0,
      "p05": 0.0,
      "median": 0.0,
      "mean": 0.0,
      "p95": 0.0,
      "max": 0.0
    },
    "jacobian": {
      "min": 1.0,
      "p05": 1.0,
      "median": 1.0,
      "mean": 1.0,
      "p95": 1.0,
      "max": 1.0
    },
    "n_sliver_quads": 0,
    "n_sliver_tris": 0,
    "n_nonplanar_quads": 0,
    "n_inverted_quads": 0
  },
  "after_stitch": {
    "label": "after_stitch",
    "n_vertices": 915,
    "n_quads": 858,
    "n_tris": 0,
    "n_free_edges": 112,
    "n_nonmanifold_edges": 0,
    "n_t_junctions": 0,
    "n_duplicate_verts": 0,
    "n_orphan_verts": 0,
    "n_components": 1,
    "mean_edge_length": 7.86661725790541,
    "edge_length_cv": 0.05870390504836319,
    "aspect_ratio": {
      "min": 1.0089869281045711,
      "p05": 1.008986928104573,
      "median": 1.0501700680272084,
      "mean": 1.2152493495730645,
      "p95": 1.0744897959183695,
      "max": 72.60869438297026
    },
    "min_angle": {
      "min": 46.47881245808335,
      "p05": 90.0,
      "median": 90.0,
      "mean": 89.53221740905049,
      "p95": 90.0,
      "max": 90.0
    },
    "max_angle": {
      "min": 90.0,
      "p05": 90.0,
      "median": 90.0,
      "mean": 90.26954512091402,
      "p95": 90.0,
      "max": 133.52118754191633
    },
    "skewness": {
      "min": 0.0,
      "p05": 0.0,
      "median": 0.0,
      "mean": 0.005197584343883433,
      "p95": 0.0,
      "max": 0.4835687504657406
    },
    "planarity": {
      "min": 0.0,
      "p05": 0.0,
      "median": 0.0,
      "mean": 0.004217351622309726,
      "p95": 0.0,
      "max": 0.7281293086998087
    },
    "jacobian": {
      "min": -1.0,
      "p05": 1.0,
      "median": 1.0,
      "mean": 0.9955683715497224,
      "p95": 1.0,
      "max": 1.0
    },
    "n_sliver_quads": 2,
    "n_sliver_tris": 0,
    "n_nonplanar_quads": 8,
    "n_inverted_quads": 1
  },
  "parse": {
    "n_panels": 3,
    "n_fold_lines": 3
  }
}