{
  "case": "t_shape",
  "resolution": 4.0,
  "before_stitch": {
    "label": "before_stitch",
    "n_vertices": 3168,
    "n_quads": 3038,
    "n_tris": 0,
    "n_free_edges": 258,
    "n_nonmanifold_edges": 0,
    "n_t_junctions": 0,
    "n_duplicate_verts": 0,
    "n_orphan_verts": 0,
    "n_components": 1,
    "mean_edge_length": 3.9727639000805803,
    "edge_length_cv": 0.017369415009996055,
    "aspect_ratio": {
      "min": 1.0336278141920567,
      "p05": 1.0336278141920712,
      "median": 1.0336278141920863,
      "mean": 1.0352504638218925,
      "p95": 1.0376033057851337,
      "max": 1.0376033057851484
    },
    "min_angle": {
      "min": 90.0,
      "p05": 90.0,
      "median": 90.0,
      "mean": 90.0,
      "p95": 90.0,
      "max": 90.0
    },
    "max_angle": {
      "min": 90.0,
      "p05": 90.0,
      "median": 90.0,
      "mean": 90.0,
      "p95": 90.0,
      "max": 90.0
    },
    "skewness": {
      "min": 0.0,
      "p05": 0.0,
      "median": 0.0,
      "mean": 0.0,
      "p95": 0.0,
      "max": 0.0
    },
    "planarity": {
      "min": 0.0,
      "p05": 0.0,
      "median": 0.0,
      "mean": 0.0,
      "p95": 0.0,
      "max": 0.0
    },
    "jacobian": {
      "min": 1.0,
      "p05": 1.0,
      "median": 1.0,
      "mean": 1.0,
      "p95": 1.0,
      "max": 1.0
    },
    "n_sliver_quads": 0,
    "n_sliver_tris": 0,
    "n_nonplanar_quads": 0,
    "n_inverted_quads": 0
  },
  "after_stitch": {
    "label": "after_stitch",
    "n_vertices": 3164,
    "n_quads": 3038,
    "n_tris": 0,
    "n_free_edges": 250,
    "n_nonmanifold_edges": 0,
    "n_t_junctions": 0,
    "n_duplicate_verts": 0,
    "n_orphan_verts": 0,
    "n_components": 1,
    "mean_edge_length": 3.9761917998211,
    "edge_length_cv": 0.029808010546247658,
    "aspect_ratio": {
      "min": 1.0336278141920567,
      "p05": 1.0336278141920712,
      "median": 1.0336278141920863,
      "mean": 1.038565256925597,
      "p95": 1.0376033057851337,
      "max": 1.6925707403300834
    },
    "min_angle": {
      "min": 58.08597142349628,
      "p05": 90.0,
      "median": 90.0,
      "mean": 89.8509697590891,
      "p95": 90.0,
      "max": 90.0
    },
    "max_angle": {
      "min": 90.0,
      "p05": 90.0,
      "median": 90.0,
      "mean": 90.06519781286234,
      "p95": 90.0,
      "max": 114.74446343189284
    },
    "skewness": {
      "min": 0.0,
      "p05": 0.0,
      "median": 0.0,
      "mean": 0.0016558915656767557,
      "p95": 0.0,
      "max": 0.35460031751670795
    },
    "planarity": {
      "min": 0.0,
      "p05": 0.0,
      "median": 0.0,
      "mean": 0.0023782775848048133,
      "p95": 0.0,
      "max": 0.7313038318192049
    },
    "jacobian": {
      "min": 0.8488422767784619,
      "p05": 1.0,
      "median": 1.0,
      "mean": 0.9993614769764008,
      "p95": 1.0,
      "max": 1.0
    },
    "n_sliver_quads": 0,
    "n_sliver_tris": 0,
    "n_nonplanar_quads": 16,
    "n_inverted_quads": 0
  },
  "parse": {
    "n_panels": 3,
    "n_fold_lines": 2
  }
}