{
  "case": "t_shape_nonrect",
  "resolution": 4.0,
  "before_stitch": {
    "label": "before_stitch",
    "n_vertices": 3784,
    "n_quads": 3655,
    "n_tris": 0,
    "n_free_edges": 256,
    "n_nonmanifold_edges": 0,
    "n_t_junctions": 0,
    "n_duplicate_verts": 0,
    "n_orphan_verts": 0,
    "n_components": 1,
    "mean_edge_length": 4.029577843506319,
    "edge_length_cv": 0.008798095631498592,
    "aspect_ratio": {
      "min": 1.0067567567567437,
      "p05": 1.0067567567567508,
      "median": 1.0208333333333286,
      "mean": 1.0147058823529411,
      "p95": 1.0208333333333428,
      "max": 1.0208333333333428
    },
    "min_angle": {
      "min": 90.0,
      "p05": 90.0,
      "median": 90.0,
      "mean": 90.0,
      "p95": 90.0,
      "max": 90.0
    },
    "max_angle": {
      "min": 90.0,
      "p05": 90.0,
      "median": 90.0,
      "mean": 90.0,
      "p95": 90.0,
      "max": 90.0
    },
    "skewness": {
      "min": 0.0,
      "p05": 0.0,
      "median": 0.0,
      "mean": 0.0,
      "p95": 0.0,
      "max": 0.0
    },
    "planarity": {
      "min": 0.0,
      "p05": 0.0,
      "median": 0.0,
      "mean": 0.0,
      "p95": 0.0,
      "max": 0.0
    },
    "jacobian": {
      "min": 1.0,
      "p05": 1.0,
      "median": 1.0,
      "mean": 1.0,
      "p95": 1.0,
      "max": 1.0
    },
    "n_sliver_quads": 0,
    "n_sliver_tris": 0,
    "n_nonplanar_quads": 0,
    "n_inverted_quads": 0
  },
  "after_stitch": {
    "label": "after_stitch",
    "n_vertices": 3780,
    "n_quads": 3655,
    "n_tris": 0,
    "n_free_edges": 248,
    "n_nonmanifold_edges": 0,
    "n_t_junctions": 0,
    "n_duplicate_verts": 0,
    "n_orphan_verts": 0,
    "n_components": 1,
    "mean_edge_length": 4.032452951779493,
    "edge_length_cv": 0.023443650715484373,
    "aspect_ratio": {
      "min": 1.0067567567567437,
      "p05": 1.0067567567567508,
      "median": 1.0208333333333286,
      "mean": 1.0175331799324696,
      "p95": 1.0208333333333428,
      "max": 1.7163470531252072
    },
    "min_angle": {
      "min": 58.54356672454532,
      "p05": 90.0,
      "median": 90.0,
      "mean": 89.87800411990695,
      "p95": 90.0,
      "max": 90.0
    },
    "max_angle": {
      "min": 90.0,
      "p05": 90.0,
      "median": 90.0,
      "mean": 90.05375814599111,
      "p95": 90.0,
      "max": 114.50884877990254
    },
    "skewness": {
      "min": 0.0,
      "p05": 0.0,
      "median": 0.0,
      "mean": 0.001355509778811685,
      "p95": 0.0,
      "max": 0.34951592528282976
    },
    "planarity": {
      "min": 0.0,
      "p05": 0.0,
      "median": 0.0,
      "mean": 0.001963638940654626,
      "p95": 0.0,
      "max": 0.7251399505923234
    },
    "jacobian": {
      "min": 0.8530372167403869,
      "p05": 1.0,
      "median": 1.0,
      "mean": 0.9994849123522099,
      "p95": 1.0,
      "max": 1.0
    },
    "n_sliver_quads": 0,
    "n_sliver_tris": 0,
    "n_nonplanar_quads": 16,
    "n_inverted_quads": 0
  },
  "parse": {
    "n_panels": 3,
    "n_fold_lines": 2
  }
}