{
  "case": "tiny_panel",
  "resolution": 4.0,
  "before_stitch": {
    "label": "before_stitch",
    "n_vertices": 2703,
    "n_quads": 2600,
    "n_tris": 0,
    "n_free_edges": 204,
    "n_nonmanifold_edges": 0,
    "n_t_junctions": 0,
    "n_duplicate_verts": 0,
    "n_orphan_verts": 0,
    "n_components": 1,
    "mean_edge_length": 4.038476046774802,
    "edge_length_cv": 0.03370440452439127,
    "aspect_ratio": {
      "min": 1.009999999999991,
      "p05": 1.009999999999998,
      "median": 1.009999999999998,
      "mean": 1.0192307692307692,
      "p95": 1.0100000000000051,
      "max": 1.25
    },
    "min_angle": {
      "min": 90.0,
      "p05": 90.0,
      "median": 90.0,
      "mean": 90.0,
      "p95": 90.0,
      "max": 90.0
    },
    "max_angle": {
      "min": 90.0,
      "p05": 90.0,
      "median": 90.0,
      "mean": 90.0,
      "p95": 90.0,
      "max": 90.0
    },
    "skewness": {
      "min": 0.0,
      "p05": 0.0,
      "median": 0.0,
      "mean": 0.0,
      "p95": 0.0,
      "max": 0.0
    },
    "planarity": {
      "min": 0.0,
      "p05": 0.0,
      "median": 0.0,
      "mean": 0.0,
      "p95": 0.0,
      "max": 0.0
    },
    "jacobian": {
      "min": 1.0,
      "p05": 1.0,
      "median": 1.0,
      "mean": 1.0,
      "p95": 1.0,
      "max": 1.0
    },
    "n_sliver_quads": 0,
    "n_sliver_tris": 0,
    "n_nonplanar_quads": 0,
    "n_inverted_quads": 0
  },
  "after_stitch": {
    "label": "after_stitch",
    "n_vertices": 2701,
    "n_quads": 2600,
    "n_tris": 0,
    "n_free_edges": 200,
    "n_nonmanifold_edges": 0,
    "n_t_junctions": 0,
    "n_duplicate_verts": 0,
    "n_orphan_verts": 0,
    "n_components": 1,
    "mean_edge_length": 4.0406488358788595,
    "edge_length_cv": 0.040383050122318014,
    "aspect_ratio": {
      "min": 1.009999999999991,
      "p05": 1.009999999999998,
      "median": 1.009999999999998,
      "mean": 1.0209643704305202,
      "p95": 1.0100000000000051,
      "max": 1.9418161601964268
    },
    "min_angle": {
      "min": 55.053028764591005,
      "p05": 90.0,
      "median": 90.0,
      "mean": 89.90720479778079,
      "p95": 90.0,
      "max": 90.0
    },
    "max_angle": {
      "min": 90.0,
      "p05": 90.0,
      "median": 90.0,
      "mean": 90.04607592825239,
      "p95": 90.0,
      "max": 119.15700570141412
    },
    "skewness": {
      "min": 0.0,
      "p05": 0.0,
      "median": 0.0,
      "mean": 0.001031057802435621,
      "p95": 0.0,
      "max": 0.38829968039343327
    },
    "planarity": {
      "min": 0.0,
      "p05": 0.0,
      "median": 0.0,
      "mean": 0.0014196093467346892,
      "p95": 0.0,
      "max": 0.7671238659376828
    },
    "jacobian": {
      "min": 0.8196825535854306,
      "p05": 1.0,
      "median": 1.0,
      "mean": 0.9995750615943155,
      "p95": 1.0,
      "max": 1.0
    },
    "n_sliver_quads": 0,
    "n_sliver_tris": 0,
    "n_nonplanar_quads": 8,
    "n_inverted_quads": 0
  },
  "parse": {
    "n_panels": 2,
    "n_fold_lines": 1
  }
}