{
  "case": "zigzag_4",
  "resolution": 2.0,
  "before_stitch": {
    "label": "before_stitch",
    "n_vertices": 10846,
    "n_quads": 10602,
    "n_tris": 0,
    "n_free_edges": 486,
    "n_nonmanifold_edges": 0,
    "n_t_junctions": 0,
    "n_duplicate_verts": 0,
    "n_orphan_verts": 0,
    "n_components": 1,
    "mean_edge_length": 2.0,
    "edge_length_cv": 1.0451194211384945e-15,
    "aspect_ratio": {
      "min": 1.0,
      "p05": 1.0,
      "median": 1.0,
      "mean": 1.0000000000000002,
      "p95": 1.0,
      "max": 1.0000000000000142
    },
    "min_angle": {
      "min": 90.0,
      "p05": 90.0,
      "median": 90.0,
      "mean": 90.0,
      "p95": 90.0,
      "max": 90.0
    },
    "max_angle": {
      "min": 90.0,
      "p05": 90.0,
      "median": 90.0,
      "mean": 90.0,
      "p95": 90.0,
      "max": 90.0
    },
    "skewness": {
      "min": 0.0,
      "p05": 0.0,
      "median": 0.0,
      "mean": 0.0,
      "p95": 0.0,
      "max": 0.0
    },
    "planarity": {
      "min": 0.0,
      "p05": 0.0,
      "median": 0.0,
      "mean": 0.0,
      "p95": 0.0,
      "max": 0.0
    },
    "jacobian": {
      "min": 1.0,
      "p05": 1.0,
      "median": 1.0,
      "mean": 1.0,
      "p95": 1.0,
      "max": 1.0
    },
    "n_sliver_quads": 0,
    "n_sliver_tris": 0,
    "n_nonplanar_quads": 0,
    "n_inverted_quads": 0
  },
  "after_stitch": {
    "label": "after_stitch",
    "n_vertices": 10846,
    "n_quads": 10602,
    "n_tris": 0,
    "n_free_edges": 474,
    "n_nonmanifold_edges": 0,
    "n_t_junctions": 0,
    "n_duplicate_verts": 6,
    "n_orphan_verts": 6,
    "n_components": 1,
    "mean_edge_length": 2.000738141421093,
    "edge_length_cv": 0.01552341417733129,
    "aspect_ratio": {
      "min": 1.0,
      "p05": 1.0,
      "median": 1.0,
      "mean": 1.0014863493352046,
      "p95": 1.0,
      "max": 1.7320508075688854
    },
    "min_angle": {
      "min": 58.90906964233091,
      "p05": 90.0,
      "median": 90.0,
      "mean": 89.93753732551241,
      "p95": 90.0,
      "max": 90.0
    },
    "max_angle": {
      "min": 90.0,
      "p05": 90.0,
      "median": 90.0,
      "mean": 90.02727203458078,
      "p95": 90.0,
      "max": 114.09484255210607
    },
    "skewness": {
      "min": 0.0,
      "p05": 0.0,
      "median": 0.0,
      "mean": 0.0006940297165286326,
      "p95": 0.0,
      "max": 0.34545478175187877
    },
    "planarity": {
      "min": 0.0,
      "p05": 0.0,
      "median": 0.0,
      "mean": 0.0010110021110392295,
      "p95": 0.0,
      "max": 0.719362624704209
    },
    "jacobian": {
      "min": 0.8563488385776705,
      "p05": 1.0,
      "median": 1.0,
      "mean": 0.9997387886448816,
      "p95": 1.0,
      "max": 1.0
    },
    "n_sliver_quads": 0,
    "n_sliver_tris": 0,
    "n_nonplanar_quads": 24,
    "n_inverted_quads": 0
  },
  "parse": {
    "n_panels": 4,
    "n_fold_lines": 3
  }
}