{
  "case": "l_shape_nonrect",
  "resolution": 8.0,
  "before_stitch": {
    "label": "before_stitch",
    "n_vertices": 612,
    "n_quads": 561,
    "n_tris": 0,
    "n_free_edges": 100,
    "n_nonmanifold_edges": 0,
    "n_t_junctions": 0,
    "n_duplicate_verts": 0,
    "n_orphan_verts": 0,
    "n_components": 1,
    "mean_edge_length": 8.0,
    "edge_length_cv": 0.005395789238631302,
    "aspect_ratio": {
      "min": 1.0073529411764675,
      "p05": 1.0073529411764692,
      "median": 1.007352941176471,
      "mean": 1.007605583392985,
      "p95": 1.0078740157480315,
      "max": 1.0078740157480315
    },
    "min_angle": {
      "min": 90.0,
      "p05": 90.0,
      "median": 90.0,
      "mean": 90.0,
      "p95": 90.0,
      "max": 90.0
    },
    "max_angle": {
      "min": 90.0,
      "p05": 90.0,
      "median": 90.0,
      "mean": 90.0,
      "p95": 90.0,
      "max": 90.0
    },
    "skewness": {
      "min": 0.0,
      "p05": 0.0,
      "median": 0.0,
      "mean": 0.0,
      "p95": 0.0,
      "max": 0.0
    },
    "planarity": {
      "min": 0.0,
      "p05": 0.0,
      "median": 0.0,
      "mean": 0.0,
      "p95": 0.0,
      "max": 0.0
    },
    "jacobian": {
      "min": 1.0,
      "p05": 1.0,
      "median": 1.0,
      "mean": 1.0,
      "p95": 1.0,
      "max": 1.0
    },
    "n_sliver_quads": 0,
    "n_sliver_tris": 0,
    "n_nonplanar_quads": 0,
    "n_inverted_quads": 0
  },
  "after_stitch": {
    "label": "after_stitch",
    "n_vertices": 610,
    "n_quads": 561,
    "n_tris": 0,
    "n_free_edges": 96,
    "n_nonmanifold_edges": 0,
    "n_t_junctions": 0,
    "n_duplicate_verts": 0,
    "n_orphan_verts": 0,
    "n_components": 1,
    "mean_edge_length": 8.018034778008053,
    "edge_length_cv": 0.038598586384013304,
    "aspect_ratio": {
      "min": 1.0073529411764675,
      "p05": 1.0073529411764692,
      "median": 1.007352941176471,
      "mean": 1.0169035066885952,
      "p95": 1.0078740157480315,
      "max": 1.7322829849935946
    },
    "min_angle": {
      "min": 58.86097552743499,
      "p05": 90.0,
      "median": 90.0,
      "mean": 89.60657789064621,
      "p95": 90.0,
      "max": 90.0
    },
    "max_angle": {
      "min": 90.0,
      "p05": 90.0,
      "median": 90.0,
      "mean": 90.17355911552235,
      "p95": 90.0,
      "max": 114.28512153885974
    },
    "skewness": {
      "min": 0.0,
      "p05": 0.0,
      "median": 0.0,
      "mean": 0.0043713567705977625,
      "p95": 0.0,
      "max": 0.3459891608062779
    },
    "planarity": {
      "min": 0.0,
      "p05": 0.0,
      "median": 0.0,
      "mean": 0.006367895620482041,
      "p95": 0.0,
      "max": 0.7178337904273676
    },
    "jacobian": {
      "min": 0.8559150723049889,
      "p05": 1.0,
      "median": 1.0,
      "mean": 0.9983549487778245,
      "p95": 1.0,
      "max": 1.0
    },
    "n_sliver_quads": 0,
    "n_sliver_tris": 0,
    "n_nonplanar_quads": 8,
    "n_inverted_quads": 0
  },
  "parse": {
    "n_panels": 2,
    "n_fold_lines": 1
  }
}