{
  "case": "cascade_5_deep",
  "resolution": 4.0,
  "before_stitch": {
    "label": "before_stitch",
    "n_vertices": 2931,
    "n_quads": 2786,
    "n_tris": 0,
    "n_free_edges": 294,
    "n_nonmanifold_edges": 0,
    "n_t_junctions": 0,
    "n_duplicate_verts": 0,
    "n_orphan_verts": 0,
    "n_components": 1,
    "mean_edge_length": 3.881544596569639,
    "edge_length_cv": 0.08075816686464977,
    "aspect_ratio": {
      "min": 1.0,
      "p05": 1.0,
      "median": 1.0000000000000073,
      "mean": 1.056860436459174,
      "p95": 1.0222222222222357,
      "max": 3.1210608443205436
    },
    "min_angle": {
      "min": 42.95423413409939,
      "p05": 90.0,
      "median": 90.0,
      "mean": 89.95504010799668,
      "p95": 90.0,
      "max": 90.0
    },
    "max_angle": {
      "min": 90.0,
      "p05": 90.0,
      "median": 90.0,
      "mean": 90.03396397053756,
      "p95": 90.0,
      "max": 125.26438968275168
    },
    "skewness": {
      "min": 0.0,
      "p05": 0.0,
      "median": 0.0,
      "mean": 0.0004995543555924357,
      "p95": 0.0,
      "max": 0.5227307318433402
    },
    "planarity": {
      "min": 0.0,
      "p05": 0.0,
      "median": 0.0,
      "mean": 0.0003397159768477248,
      "p95": 0.0,
      "max": 0.36217156211180696
    },
    "jacobian": {
      "min": 0.6814139627860099,
      "p05": 1.0,
      "median": 1.0,
      "mean": 0.9997194877488779,
      "p95": 1.0,
      "max": 1.0
    },
    "n_sliver_quads": 0,
    "n_sliver_tris": 0,
    "n_nonplanar_quads": 3,
    "n_inverted_quads": 0
  },
  "after_stitch": {
    "label": "after_stitch",
    "n_vertices": 2923,
    "n_quads": 2786,
    "n_tris": 0,
    "n_free_edges": 284,
    "n_nonmanifold_edges": 0,
    "n_t_junctions": 0,
    "n_duplicate_verts": 0,
    "n_orphan_verts": 0,
    "n_components": 1,
    "mean_edge_length": 3.886625478514075,
    "edge_length_cv": 0.08184546992347269,
    "aspect_ratio": {
      "min": 1.0,
      "p05": 1.0,
      "median": 1.0000000000000073,
      "mean": 1.0623205760249665,
      "p95": 1.9565217391304088,
      "max": 3.5452782838080363
    },
    "min_angle": {
      "min": 32.31485391698179,
      "p05": 90.0,
      "median": 90.0,
      "mean": 89.7392137825043,
      "p95": 90.0,
      "max": 90.0
    },
    "max_angle": {
      "min": 90.0,
      "p05": 90.0,
      "median": 90.0,
      "mean": 90.17046611668285,
      "p95": 90.0,
      "max": 140.97317119166001
    },
    "skewness": {
      "min": 0.0,
      "p05": 0.0,
      "median": 0.0,
      "mean": 0.0030226619253809223,
      "p95": 0.0,
      "max": 0.6409460675890912
    },
    "planarity": {
      "min": 0.0,
      "p05": 0.0,
      "median": 0.0,
      "mean": 0.0026531987507023686,
      "p95": 0.0,
      "max": 0.8757051969534052
    },
    "jacobian": {
      "min": 0.5345714653561096,
      "p05": 1.0,
      "median": 1.0,
      "mean": 0.9985786349036007,
      "p95": 1.0,
      "max": 1.0
    },
    "n_sliver_quads": 0,
    "n_sliver_tris": 0,
    "n_nonplanar_quads": 17,
    "n_inverted_quads": 0
  },
  "parse": {
    "n_panels": 5,
    "n_fold_lines": 4
  }
}