{
  "case": "cross",
  "resolution": 4.0,
  "before_stitch": {
    "label": "before_stitch",
    "n_vertices": 5783,
    "n_quads": 5604,
    "n_tris": 0,
    "n_free_edges": 368,
    "n_nonmanifold_edges": 0,
    "n_t_junctions": 0,
    "n_duplicate_verts": 0,
    "n_orphan_verts": 0,
    "n_components": 1,
    "mean_edge_length": 3.9683169214971548,
    "edge_length_cv": 0.0650355338782125,
    "aspect_ratio": {
      "min": 1.0,
      "p05": 1.0,
      "median": 1.0337552742616016,
      "mean": 1.0515618521315684,
      "p95": 1.0337552742616158,
      "max": 1.9750000000000227
    },
    "min_angle": {
      "min": 59.34018253114819,
      "p05": 90.0,
      "median": 90.0,
      "mean": 89.96717364296696,
      "p95": 90.0,
      "max": 90.0
    },
    "max_angle": {
      "min": 90.0,
      "p05": 90.0,
      "median": 90.0,
      "mean": 90.02542091155672,
      "p95": 90.0,
      "max": 113.74313139397687
    },
    "skewness": {
      "min": 0.0,
      "p05": 0.0,
      "median": 0.0,
      "mean": 0.0003647373003670198,
      "p95": 0.0,
      "max": 0.34066463854279794
    },
    "planarity": {
      "min": 0.0,
      "p05": 0.0,
      "median": 0.0,
      "mean": 0.0003351706328899945,
      "p95": 0.0,
      "max": 0.37268404028616364
    },
    "jacobian": {
      "min": 0.8602101127776677,
      "p05": 1.0,
      "median": 1.0,
      "mean": 0.9998503320265285,
      "p95": 1.0,
      "max": 1.0
    },
    "n_sliver_quads": 0,
    "n_sliver_tris": 0,
    "n_nonplanar_quads": 6,
    "n_inverted_quads": 0
  },
  "after_stitch": {
    "label": "after_stitch",
    "n_vertices": 5733,
    "n_quads": 5604,
    "n_tris": 0,
    "n_free_edges": 268,
    "n_nonmanifold_edges": 0,
    "n_t_junctions": 0,
    "n_duplicate_verts": 0,
    "n_orphan_verts": 0,
    "n_components": 1,
    "mean_edge_length": 3.9780687361002474,
    "edge_length_cv": 0.06960341722618835,
    "aspect_ratio": {
      "min": 1.0,
      "p05": 1.0,
      "median": 1.0337552742616016,
      "mean": 1.0563722975174412,
      "p95": 1.0337552742616307,
      "max": 2.3552798056099515
    },
    "min_angle": {
      "min": 39.02450161216444,
      "p05": 90.0,
      "median": 90.0,
      "mean": 89.9058347490765,
      "p95": 90.0,
      "max": 90.0
    },
    "max_angle": {
      "min": 90.0,
      "p05": 90.0,
      "median": 90.0,
      "mean": 90.0661428390996,
      "p95": 90.0,
      "max": 141.08438213990303
    },
    "skewness": {
      "min": 0.0,
      "p05": 0.0,
      "median": 0.0,
      "mean": 0.0010788058298616225,
      "p95": 0.0,
      "max": 0.5676042459989226
    },
    "planarity": {
      "min": 0.0,
      "p05": 0.0,
      "median": 0.0,
      "mean": 0.0008343413045389345,
      "p95": 0.0,
      "max": 0.7272708824364763
    },
    "jacobian": {
      "min": -1.0,
      "p05": 1.0,
      "median": 1.0,
      "mean": 0.998945964611408,
      "p95": 1.0,
      "max": 1.0
    },
    "n_sliver_quads": 0,
    "n_sliver_tris": 0,
    "n_nonplanar_quads": 14,
    "n_inverted_quads": 2
  },
  "parse": {
    "n_panels": 5,
    "n_fold_lines": 4
  }
}