{
  "case": "l_shape_nonrect",
  "resolution": 2.0,
  "before_stitch": {
    "label": "before_stitch",
    "n_vertices": 9246,
    "n_quads": 9044,
    "n_tris": 0,
    "n_free_edges": 402,
    "n_nonmanifold_edges": 0,
    "n_t_junctions": 0,
    "n_duplicate_verts": 0,
    "n_orphan_verts": 0,
    "n_components": 1,
    "mean_edge_length": 1.992454480835475,
    "edge_length_cv": 0.0037789677537002748,
    "aspect_ratio": {
      "min": 1.0072992700729886,
      "p05": 1.0072992700729924,
      "median": 1.0072992700729995,
      "mean": 1.00757583942038,
      "p95": 1.0078740157480315,
      "max": 1.0078740157480315
    },
    "min_angle": {
      "min": 90.0,
      "p05": 90.0,
      "median": 90.0,
      "mean": 90.0,
      "p95": 90.0,
      "max": 90.0
    },
    "max_angle": {
      "min": 90.0,
      "p05": 90.0,
      "median": 90.0,
      "mean": 90.0,
      "p95": 90.0,
      "max": 90.0
    },
    "skewness": {
      "min": 0.0,
      "p05": 0.0,
      "median": 0.0,
      "mean": 0.0,
      "p95": 0.0,
      "max": 0.0
    },
    "planarity": {
      "min": 0.0,
      "p05": 0.0,
      "median": 0.0,
      "mean": 0.0,
      "p95": 0.0,
      "max": 0.0
    },
    "jacobian": {
      "min": 1.0,
      "p05": 1.0,
      "median": 1.0,
      "mean": 1.0,
      "p95": 1.0,
      "max": 1.0
    },
    "n_sliver_quads": 0,
    "n_sliver_tris": 0,
    "n_nonplanar_quads": 0,
    "n_inverted_quads": 0
  },
  "after_stitch": {
    "label": "after_stitch",
    "n_vertices": 9246,
    "n_quads": 9044,
    "n_tris": 0,
    "n_free_edges": 398,
    "n_nonmanifold_edges": 0,
    "n_t_junctions": 0,
    "n_duplicate_verts": 2,
    "n_orphan_verts": 2,
    "n_components": 1,
    "mean_edge_length": 1.9927410128421326,
    "edge_length_cv": 0.010360545952480588,
    "aspect_ratio": {
      "min": 1.0072992700729886,
      "p05": 1.0072992700729924,
      "median": 1.0072992700729995,
      "mean": 1.0081538082749326,
      "p95": 1.0078740157480315,
      "max": 1.740821987006287
    },
    "min_angle": {
      "min": 59.08103735362086,
      "p05": 90.0,
      "median": 90.0,
      "mean": 89.97572631249456,
      "p95": 90.0,
      "max": 90.0
    },
    "max_angle": {
      "min": 90.0,
      "p05": 90.0,
      "median": 90.0,
      "mean": 90.01060379886484,
      "p95": 90.0,
      "max": 113.97306605160189
    },
    "skewness": {
      "min": 0.0,
      "p05": 0.0,
      "median": 0.0,
      "mean": 0.00026970763894935805,
      "p95": 0.0,
      "max": 0.3435440294042127
    },
    "planarity": {
      "min": 0.0,
      "p05": 0.0,
      "median": 0.0,
      "mean": 0.0003940839226560429,
      "p95": 0.0,
      "max": 0.7167967726720764
    },
    "jacobian": {
      "min": 0.8578948968044667,
      "p05": 1.0,
      "median": 1.0,
      "mean": 0.9998990272019446,
      "p95": 1.0,
      "max": 1.0
    },
    "n_sliver_quads": 0,
    "n_sliver_tris": 0,
    "n_nonplanar_quads": 8,
    "n_inverted_quads": 0
  },
  "parse": {
    "n_panels": 2,
    "n_fold_lines": 1
  }
}