{
  "case": "u_shape",
  "resolution": 2.0,
  "before_stitch": {
    "label": "before_stitch",
    "n_vertices": 11304,
    "n_quads": 11076,
    "n_tris": 0,
    "n_free_edges": 454,
    "n_nonmanifold_edges": 0,
    "n_t_junctions": 0,
    "n_duplicate_verts": 0,
    "n_orphan_verts": 0,
    "n_components": 1,
    "mean_edge_length": 1.9897671924572145,
    "edge_length_cv": 0.004591563167376592,
    "aspect_ratio": {
      "min": 1.0069430668517891,
      "p05": 1.0069430668518036,
      "median": 1.0070921985815542,
      "mean": 1.0070577835670038,
      "p95": 1.007092198581583,
      "max": 1.007092198581583
    },
    "min_angle": {
      "min": 90.0,
      "p05": 90.0,
      "median": 90.0,
      "mean": 90.0,
      "p95": 90.0,
      "max": 90.0
    },
    "max_angle": {
      "min": 90.0,
      "p05": 90.0,
      "median": 90.0,
      "mean": 90.0,
      "p95": 90.0,
      "max": 90.0
    },
    "skewness": {
      "min": 0.0,
      "p05": 0.0,
      "median": 0.0,
      "mean": 0.0,
      "p95": 0.0,
      "max": 0.0
    },
    "planarity": {
      "min": 0.0,
      "p05": 0.0,
      "median": 0.0,
      "mean": 0.0,
      "p95": 0.0,
      "max": 0.0
    },
    "jacobian": {
      "min": 1.0,
      "p05": 1.0,
      "median": 1.0,
      "mean": 1.0,
      "p95": 1.0,
      "max": 1.0
    },
    "n_sliver_quads": 0,
    "n_sliver_tris": 0,
    "n_nonplanar_quads": 0,
    "n_inverted_quads": 0
  },
  "after_stitch": {
    "label": "after_stitch",
    "n_vertices": 11300,
    "n_quads": 11076,
    "n_tris": 0,
    "n_free_edges": 446,
    "n_nonmanifold_edges": 0,
    "n_t_junctions": 0,
    "n_duplicate_verts": 0,
    "n_orphan_verts": 0,
    "n_components": 1,
    "mean_edge_length": 1.990236160113833,
    "edge_length_cv": 0.013177578907462689,
    "aspect_ratio": {
      "min": 1.0069430668517891,
      "p05": 1.0069430668518036,
      "median": 1.0070921985815542,
      "mean": 1.0080001027698604,
      "p95": 1.007092198581583,
      "max": 1.7319088506414047
    },
    "min_angle": {
      "min": 58.85763296268235,
      "p05": 90.0,
      "median": 90.0,
      "mean": 89.96013688218098,
      "p95": 90.0,
      "max": 90.0
    },
    "max_angle": {
      "min": 90.0,
      "p05": 90.0,
      "median": 90.0,
      "mean": 90.01757152658395,
      "p95": 90.0,
      "max": 114.27563939422565
    },
    "skewness": {
      "min": 0.0,
      "p05": 0.0,
      "median": 0.0,
      "mean": 0.0004429235313225815,
      "p95": 0.0,
      "max": 0.34602630041464055
    },
    "planarity": {
      "min": 0.0,
      "p05": 0.0,
      "median": 0.0,
      "mean": 0.0006451653586386237,
      "p95": 0.0,
      "max": 0.7206193103443206
    },
    "jacobian": {
      "min": 0.8558849029176898,
      "p05": 1.0,
      "median": 1.0,
      "mean": 0.9998332795458441,
      "p95": 1.0,
      "max": 1.0
    },
    "n_sliver_quads": 0,
    "n_sliver_tris": 0,
    "n_nonplanar_quads": 16,
    "n_inverted_quads": 0
  },
  "parse": {
    "n_panels": 3,
    "n_fold_lines": 2
  }
}