{
  "case": "zigzag_6",
  "resolution": 2.0,
  "before_stitch": {
    "label": "before_stitch",
    "n_vertices": 13769,
    "n_quads": 13440,
    "n_tris": 0,
    "n_free_edges": 656,
    "n_nonmanifold_edges": 0,
    "n_t_junctions": 0,
    "n_duplicate_verts": 0,
    "n_orphan_verts": 0,
    "n_components": 1,
    "mean_edge_length": 1.9891943546015878,
    "edge_length_cv": 0.005386606301757589,
    "aspect_ratio": {
      "min": 1.010752688172021,
      "p05": 1.0107526881720357,
      "median": 1.01075268817205,
      "mean": 1.0108303370976182,
      "p95": 1.0109890109890176,
      "max": 1.010989010989054
    },
    "min_angle": {
      "min": 90.0,
      "p05": 90.0,
      "median": 90.0,
      "mean": 90.0,
      "p95": 90.0,
      "max": 90.0
    },
    "max_angle": {
      "min": 90.0,
      "p05": 90.0,
      "median": 90.0,
      "mean": 90.0,
      "p95": 90.0,
      "max": 90.0
    },
    "skewness": {
      "min": 0.0,
      "p05": 0.0,
      "median": 0.0,
      "mean": 0.0,
      "p95": 0.0,
      "max": 0.0
    },
    "planarity": {
      "min": 0.0,
      "p05": 0.0,
      "median": 0.0,
      "mean": 0.0,
      "p95": 0.0,
      "max": 0.0
    },
    "jacobian": {
      "min": 1.0,
      "p05": 1.0,
      "median": 1.0,
      "mean": 1.0,
      "p95": 1.0,
      "max": 1.0
    },
    "n_sliver_quads": 0,
    "n_sliver_tris": 0,
    "n_nonplanar_quads": 0,
    "n_inverted_quads": 0
  },
  "after_stitch": {
    "label": "after_stitch",
    "n_vertices": 13769,
    "n_quads": 13440,
    "n_tris": 0,
    "n_free_edges": 636,
    "n_nonmanifold_edges": 0,
    "n_t_junctions": 0,
    "n_duplicate_verts": 12,
    "n_orphan_verts": 12,
    "n_components": 1,
    "mean_edge_length": 1.9903235927596492,
    "edge_length_cv": 0.01883315728896489,
    "aspect_ratio": {
      "min": 1.010752688172021,
      "p05": 1.0107526881720357,
      "median": 1.01075268817205,
      "mean": 1.0126924553595646,
      "p95": 1.0109890109890176,
      "max": 1.7446259385010265
    },
    "min_angle": {
      "min": 59.15509844597219,
      "p05": 90.0,
      "median": 90.0,
      "mean": 89.91456575585654,
      "p95": 90.0,
      "max": 90.0
    },
    "max_angle": {
      "min": 89.99999999999949,
      "p05": 90.0,
      "median": 90.0,
      "mean": 90.04349110879832,
      "p95": 90.0,
      "max": 116.56505117707152
    },
    "skewness": {
      "min": 0.0,
      "p05": 0.0,
      "median": 0.0,
      "mean": 0.0009536555803794808,
      "p95": 0.0,
      "max": 0.34272112837808677
    },
    "planarity": {
      "min": 0.0,
      "p05": 0.0,
      "median": 0.0,
      "mean": 0.0013275139278419031,
      "p95": 0.0,
      "max": 0.8034386753146179
    },
    "jacobian": {
      "min": 0.8585583554744176,
      "p05": 1.0,
      "median": 1.0,
      "mean": 0.9996431688338714,
      "p95": 1.0,
      "max": 1.0
    },
    "n_sliver_quads": 0,
    "n_sliver_tris": 0,
    "n_nonplanar_quads": 40,
    "n_inverted_quads": 0
  },
  "parse": {
    "n_panels": 6,
    "n_fold_lines": 5
  }
}