{
  "case": "u_shape",
  "resolution": 4.0,
  "before_stitch": {
    "label": "before_stitch",
    "n_vertices": 2923,
    "n_quads": 2808,
    "n_tris": 0,
    "n_free_edges": 228,
    "n_nonmanifold_edges": 0,
    "n_t_junctions": 0,
    "n_duplicate_verts": 0,
    "n_orphan_verts": 0,
    "n_components": 1,
    "mean_edge_length": 3.9521815008726002,
    "edge_length_cv": 0.009861147511939991,
    "aspect_ratio": {
      "min": 1.0070921985815513,
      "p05": 1.0070921985815513,
      "median": 1.0212765957446759,
      "mean": 1.0180032733224222,
      "p95": 1.0212765957446908,
      "max": 1.021276595744698
    },
    "min_angle": {
      "min": 90.0,
      "p05": 90.0,
      "median": 90.0,
      "mean": 90.0,
      "p95": 90.0,
      "max": 90.0
    },
    "max_angle": {
      "min": 90.0,
      "p05": 90.0,
      "median": 90.0,
      "mean": 90.0,
      "p95": 90.0,
      "max": 90.0
    },
    "skewness": {
      "min": 0.0,
      "p05": 0.0,
      "median": 0.0,
      "mean": 0.0,
      "p95": 0.0,
      "max": 0.0
    },
    "planarity": {
      "min": 0.0,
      "p05": 0.0,
      "median": 0.0,
      "mean": 1.0292286885188541e-32,
      "p95": 0.0,
      "max": 8.027983770447101e-31
    },
    "jacobian": {
      "min": 1.0,
      "p05": 1.0,
      "median": 1.0,
      "mean": 1.0,
      "p95": 1.0,
      "max": 1.0
    },
    "n_sliver_quads": 0,
    "n_sliver_tris": 0,
    "n_nonplanar_quads": 0,
    "n_inverted_quads": 0
  },
  "after_stitch": {
    "label": "after_stitch",
    "n_vertices": 2923,
    "n_quads": 2808,
    "n_tris": 0,
    "n_free_edges": 220,
    "n_nonmanifold_edges": 0,
    "n_t_junctions": 0,
    "n_duplicate_verts": 4,
    "n_orphan_verts": 4,
    "n_components": 1,
    "mean_edge_length": 3.955841775162826,
    "edge_length_cv": 0.026564913998593724,
    "aspect_ratio": {
      "min": 1.0070921985815513,
      "p05": 1.0070921985815513,
      "median": 1.0212765957446759,
      "mean": 1.0216816866982272,
      "p95": 1.0212765957446908,
      "max": 1.7159114424234196
    },
    "min_angle": {
      "min": 58.5343106713171,
      "p05": 90.0,
      "median": 90.0,
      "mean": 89.84116147308504,
      "p95": 90.0,
      "max": 90.0
    },
    "max_angle": {
      "min": 90.0,
      "p05": 90.0,
      "median": 90.0,
      "mean": 90.06999734161418,
      "p95": 90.0,
      "max": 114.51678144095445
    },
    "skewness": {
      "min": 0.0,
      "p05": 0.0,
      "median": 0.0,
      "mean": 0.001764872521277351,
      "p95": 0.0,
      "max": 0.34961877031869887
    },
    "planarity": {
      "min": 0.0,
      "p05": 0.0,
      "median": 0.0,
      "mean": 0.002556258428927664,
      "p95": 0.0,
      "max": 0.7252761476510852
    },
    "jacobian": {
      "min": 0.8529529014571384,
      "p05": 1.0,
      "median": 1.0,
      "mean": 0.9993291771673136,
      "p95": 1.0,
      "max": 1.0
    },
    "n_sliver_quads": 0,
    "n_sliver_tris": 0,
    "n_nonplanar_quads": 16,
    "n_inverted_quads": 0
  },
  "parse": {
    "n_panels": 3,
    "n_fold_lines": 2
  }
}