{
  "case": "t_shape",
  "resolution": 8.0,
  "before_stitch": {
    "label": "before_stitch",
    "n_vertices": 884,
    "n_quads": 816,
    "n_tris": 0,
    "n_free_edges": 134,
    "n_nonmanifold_edges": 0,
    "n_t_junctions": 0,
    "n_duplicate_verts": 0,
    "n_orphan_verts": 0,
    "n_components": 1,
    "mean_edge_length": 7.665685697469099,
    "edge_length_cv": 0.013759733112898744,
    "aspect_ratio": {
      "min": 1.02007083825265,
      "p05": 1.02007083825265,
      "median": 1.0314049586776837,
      "mean": 1.0267379679144384,
      "p95": 1.0314049586776874,
      "max": 1.0314049586776874
    },
    "min_angle": {
      "min": 90.0,
      "p05": 90.0,
      "median": 90.0,
      "mean": 90.0,
      "p95": 90.0,
      "max": 90.0
    },
    "max_angle": {
      "min": 90.0,
      "p05": 90.0,
      "median": 90.0,
      "mean": 90.0,
      "p95": 90.0,
      "max": 90.0
    },
    "skewness": {
      "min": 0.0,
      "p05": 0.0,
      "median": 0.0,
      "mean": 0.0,
      "p95": 0.0,
      "max": 0.0
    },
    "planarity": {
      "min": 0.0,
      "p05": 0.0,
      "median": 0.0,
      "mean": 0.0,
      "p95": 0.0,
      "max": 0.0
    },
    "jacobian": {
      "min": 1.0,
      "p05": 1.0,
      "median": 1.0,
      "mean": 1.0,
      "p95": 1.0,
      "max": 1.0
    },
    "n_sliver_quads": 0,
    "n_sliver_tris": 0,
    "n_nonplanar_quads": 0,
    "n_inverted_quads": 0
  },
  "after_stitch": {
    "label": "after_stitch",
    "n_vertices": 884,
    "n_quads": 816,
    "n_tris": 0,
    "n_free_edges": 126,
    "n_nonmanifold_edges": 0,
    "n_t_junctions": 0,
    "n_duplicate_verts": 4,
    "n_orphan_verts": 4,
    "n_components": 1,
    "mean_edge_length": 7.689785619999894,
    "edge_length_cv": 0.04774081594517509,
    "aspect_ratio": {
      "min": 1.02007083825265,
      "p05": 1.02007083825265,
      "median": 1.0314049586776837,
      "mean": 1.0392237551283598,
      "p95": 1.0314049586776874,
      "max": 1.7031831609445738
    },
    "min_angle": {
      "min": 58.282390300389174,
      "p05": 90.0,
      "median": 90.0,
      "mean": 89.44894008077476,
      "p95": 90.0,
      "max": 90.0
    },
    "max_angle": {
      "min": 90.0,
      "p05": 90.0,
      "median": 90.0,
      "mean": 90.24230805371265,
      "p95": 90.0,
      "max": 114.67402497609103
    },
    "skewness": {
      "min": 0.0,
      "p05": 0.0,
      "median": 0.0,
      "mean": 0.0061228879913913705,
      "p95": 0.0,
      "max": 0.3524178855512314
    },
    "planarity": {
      "min": 0.0,
      "p05": 0.0,
      "median": 0.0,
      "mean": 0.008828040582670208,
      "p95": 0.0,
      "max": 0.7287827727109695
    },
    "jacobian": {
      "min": 0.8506495669809286,
      "p05": 1.0,
      "median": 1.0,
      "mean": 0.9976544302175899,
      "p95": 1.0,
      "max": 1.0
    },
    "n_sliver_quads": 0,
    "n_sliver_tris": 0,
    "n_nonplanar_quads": 16,
    "n_inverted_quads": 0
  },
  "parse": {
    "n_panels": 3,
    "n_fold_lines": 2
  }
}