{
  "case": "l_shape_nonrect",
  "resolution": 2.0,
  "before_stitch": {
    "label": "before_stitch",
    "n_vertices": 9177,
    "n_quads": 8976,
    "n_tris": 0,
    "n_free_edges": 400,
    "n_nonmanifold_edges": 0,
    "n_t_junctions": 0,
    "n_duplicate_verts": 0,
    "n_orphan_verts": 0,
    "n_components": 1,
    "mean_edge_length": 2.0,
    "edge_length_cv": 0.005368770389294126,
    "aspect_ratio": {
      "min": 1.007352941176464,
      "p05": 1.007352941176464,
      "median": 1.0073529411764781,
      "mean": 1.007605583392985,
      "p95": 1.0078740157480315,
      "max": 1.0078740157480315
    },
    "min_angle": {
      "min": 90.0,
      "p05": 90.0,
      "median": 90.0,
      "mean": 90.0,
      "p95": 90.0,
      "max": 90.0
    },
    "max_angle": {
      "min": 90.0,
      "p05": 90.0,
      "median": 90.0,
      "mean": 90.0,
      "p95": 90.0,
      "max": 90.0
    },
    "skewness": {
      "min": 0.0,
      "p05": 0.0,
      "median": 0.0,
      "mean": 0.0,
      "p95": 0.0,
      "max": 0.0
    },
    "planarity": {
      "min": 0.0,
      "p05": 0.0,
      "median": 0.0,
      "mean": 0.0,
      "p95": 0.0,
      "max": 0.0
    },
    "jacobian": {
      "min": 1.0,
      "p05": 1.0,
      "median": 1.0,
      "mean": 1.0,
      "p95": 1.0,
      "max": 1.0
    },
    "n_sliver_quads": 0,
    "n_sliver_tris": 0,
    "n_nonplanar_quads": 0,
    "n_inverted_quads": 0
  },
  "after_stitch": {
    "label": "after_stitch",
    "n_vertices": 9175,
    "n_quads": 8976,
    "n_tris": 0,
    "n_free_edges": 396,
    "n_nonmanifold_edges": 0,
    "n_t_junctions": 0,
    "n_duplicate_verts": 0,
    "n_orphan_verts": 0,
    "n_components": 1,
    "mean_edge_length": 2.0002906431166583,
    "edge_length_cv": 0.011121639679156699,
    "aspect_ratio": {
      "min": 1.007352941176464,
      "p05": 1.007352941176464,
      "median": 1.0073529411764781,
      "mean": 1.0081867035989605,
      "p95": 1.0078740157480315,
      "max": 1.7322829849936068
    },
    "min_angle": {
      "min": 58.860975527438725,
      "p05": 90.0,
      "median": 90.0,
      "mean": 89.97541111816538,
      "p95": 90.0,
      "max": 90.0
    },
    "max_angle": {
      "min": 90.0,
      "p05": 90.0,
      "median": 90.0,
      "mean": 90.01084744472014,
      "p95": 90.0,
      "max": 114.28512153885526
    },
    "skewness": {
      "min": 0.0,
      "p05": 0.0,
      "median": 0.0,
      "mean": 0.00027320979816231733,
      "p95": 0.0,
      "max": 0.3459891608062364
    },
    "planarity": {
      "min": 0.0,
      "p05": 0.0,
      "median": 0.0,
      "mean": 0.00039799347628012707,
      "p95": 0.0,
      "max": 0.7178337904273737
    },
    "jacobian": {
      "min": 0.8559150723049852,
      "p05": 1.0,
      "median": 1.0,
      "mean": 0.999897184298614,
      "p95": 1.0,
      "max": 1.0
    },
    "n_sliver_quads": 0,
    "n_sliver_tris": 0,
    "n_nonplanar_quads": 8,
    "n_inverted_quads": 0
  },
  "parse": {
    "n_panels": 2,
    "n_fold_lines": 1
  }
}