{
  "case": "l_shape_nonrect",
  "resolution": 4.0,
  "before_stitch": {
    "label": "before_stitch",
    "n_vertices": 2345,
    "n_quads": 2244,
    "n_tris": 0,
    "n_free_edges": 200,
    "n_nonmanifold_edges": 0,
    "n_t_junctions": 0,
    "n_duplicate_verts": 0,
    "n_orphan_verts": 0,
    "n_components": 1,
    "mean_edge_length": 4.0,
    "edge_length_cv": 0.0053779882164971685,
    "aspect_ratio": {
      "min": 1.007352941176464,
      "p05": 1.007352941176464,
      "median": 1.0073529411764781,
      "mean": 1.007605583392985,
      "p95": 1.0078740157480315,
      "max": 1.0078740157480315
    },
    "min_angle": {
      "min": 90.0,
      "p05": 90.0,
      "median": 90.0,
      "mean": 90.0,
      "p95": 90.0,
      "max": 90.0
    },
    "max_angle": {
      "min": 90.0,
      "p05": 90.0,
      "median": 90.0,
      "mean": 90.0,
      "p95": 90.0,
      "max": 90.0
    },
    "skewness": {
      "min": 0.0,
      "p05": 0.0,
      "median": 0.0,
      "mean": 0.0,
      "p95": 0.0,
      "max": 0.0
    },
    "planarity": {
      "min": 0.0,
      "p05": 0.0,
      "median": 0.0,
      "mean": 0.0,
      "p95": 0.0,
      "max": 0.0
    },
    "jacobian": {
      "min": 1.0,
      "p05": 1.0,
      "median": 1.0,
      "mean": 1.0,
      "p95": 1.0,
      "max": 1.0
    },
    "n_sliver_quads": 0,
    "n_sliver_tris": 0,
    "n_nonplanar_quads": 0,
    "n_inverted_quads": 0
  },
  "after_stitch": {
    "label": "after_stitch",
    "n_vertices": 2343,
    "n_quads": 2244,
    "n_tris": 0,
    "n_free_edges": 196,
    "n_nonmanifold_edges": 0,
    "n_t_junctions": 0,
    "n_duplicate_verts": 0,
    "n_orphan_verts": 0,
    "n_components": 1,
    "mean_edge_length": 4.002300554979222,
    "edge_length_cv": 0.020094994903068097,
    "aspect_ratio": {
      "min": 1.007352941176464,
      "p05": 1.007352941176464,
      "median": 1.0073529411764781,
      "mean": 1.0099300642168874,
      "p95": 1.0078740157480315,
      "max": 1.7322829849936028
    },
    "min_angle": {
      "min": 58.86097552743567,
      "p05": 90.0,
      "median": 90.0,
      "mean": 89.90164447266156,
      "p95": 90.0,
      "max": 90.0
    },
    "max_angle": {
      "min": 90.0,
      "p05": 90.0,
      "median": 90.0,
      "mean": 90.04338977888058,
      "p95": 90.0,
      "max": 114.28512153885892
    },
    "skewness": {
      "min": 0.0,
      "p05": 0.0,
      "median": 0.0,
      "mean": 0.0010928391926494077,
      "p95": 0.0,
      "max": 0.34598916080627035
    },
    "planarity": {
      "min": 0.0,
      "p05": 0.0,
      "median": 0.0,
      "mean": 0.0015919739051205078,
      "p95": 0.0,
      "max": 0.7178337904273704
    },
    "jacobian": {
      "min": 0.8559150723049879,
      "p05": 1.0,
      "median": 1.0,
      "mean": 0.9995887371944562,
      "p95": 1.0,
      "max": 1.0
    },
    "n_sliver_quads": 0,
    "n_sliver_tris": 0,
    "n_nonplanar_quads": 8,
    "n_inverted_quads": 0
  },
  "parse": {
    "n_panels": 2,
    "n_fold_lines": 1
  }
}