{
  "case": "zigzag_4",
  "resolution": 4.0,
  "before_stitch": {
    "label": "before_stitch",
    "n_vertices": 2850,
    "n_quads": 2726,
    "n_tris": 0,
    "n_free_edges": 246,
    "n_nonmanifold_edges": 0,
    "n_t_junctions": 0,
    "n_duplicate_verts": 0,
    "n_orphan_verts": 0,
    "n_components": 1,
    "mean_edge_length": 3.944394618834081,
    "edge_length_cv": 0.008223564365151769,
    "aspect_ratio": {
      "min": 1.0036683785766602,
      "p05": 1.0036683785766602,
      "median": 1.0036683785766893,
      "mean": 1.0104585076121255,
      "p95": 1.0175438596491269,
      "max": 1.0175438596491342
    },
    "min_angle": {
      "min": 90.0,
      "p05": 90.0,
      "median": 90.0,
      "mean": 90.0,
      "p95": 90.0,
      "max": 90.0
    },
    "max_angle": {
      "min": 90.0,
      "p05": 90.0,
      "median": 90.0,
      "mean": 90.0,
      "p95": 90.0,
      "max": 90.0
    },
    "skewness": {
      "min": 0.0,
      "p05": 0.0,
      "median": 0.0,
      "mean": 0.0,
      "p95": 0.0,
      "max": 0.0
    },
    "planarity": {
      "min": 0.0,
      "p05": 0.0,
      "median": 0.0,
      "mean": 0.0,
      "p95": 0.0,
      "max": 0.0
    },
    "jacobian": {
      "min": 1.0,
      "p05": 1.0,
      "median": 1.0,
      "mean": 1.0,
      "p95": 1.0,
      "max": 1.0
    },
    "n_sliver_quads": 0,
    "n_sliver_tris": 0,
    "n_nonplanar_quads": 0,
    "n_inverted_quads": 0
  },
  "after_stitch": {
    "label": "after_stitch",
    "n_vertices": 2844,
    "n_quads": 2726,
    "n_tris": 0,
    "n_free_edges": 234,
    "n_nonmanifold_edges": 0,
    "n_t_junctions": 0,
    "n_duplicate_verts": 0,
    "n_orphan_verts": 0,
    "n_components": 1,
    "mean_edge_length": 3.9500051699202867,
    "edge_length_cv": 0.0314523079852821,
    "aspect_ratio": {
      "min": 1.0036683785766602,
      "p05": 1.0036683785766602,
      "median": 1.0036683785766893,
      "mean": 1.016189727092122,
      "p95": 1.0175438596491269,
      "max": 1.7362892697673982
    },
    "min_angle": {
      "min": 58.674430172965295,
      "p05": 90.0,
      "median": 90.0,
      "mean": 89.75646433346947,
      "p95": 90.0,
      "max": 90.0
    },
    "max_angle": {
      "min": 90.0,
      "p05": 90.0,
      "median": 90.0,
      "mean": 90.10734812224008,
      "p95": 90.0,
      "max": 114.48413292173817
    },
    "skewness": {
      "min": 0.0,
      "p05": 0.0,
      "median": 0.0,
      "mean": 0.0027059518503392607,
      "p95": 0.0,
      "max": 0.34806188696705226
    },
    "planarity": {
      "min": 0.0,
      "p05": 0.0,
      "median": 0.0,
      "mean": 0.003936184872037257,
      "p95": 0.0,
      "max": 0.7234724679662706
    },
    "jacobian": {
      "min": 0.8542268952726293,
      "p05": 1.0,
      "median": 1.0,
      "mean": 0.9989790720763208,
      "p95": 1.0,
      "max": 1.0
    },
    "n_sliver_quads": 0,
    "n_sliver_tris": 0,
    "n_nonplanar_quads": 24,
    "n_inverted_quads": 0
  },
  "parse": {
    "n_panels": 4,
    "n_fold_lines": 3
  }
}