{
  "case": "long_thin_panel",
  "resolution": 4.0,
  "before_stitch": {
    "label": "before_stitch",
    "n_vertices": 1599,
    "n_quads": 1520,
    "n_tris": 0,
    "n_free_edges": 156,
    "n_nonmanifold_edges": 0,
    "n_t_junctions": 0,
    "n_duplicate_verts": 0,
    "n_orphan_verts": 0,
    "n_components": 1,
    "mean_edge_length": 3.9737010904425913,
    "edge_length_cv": 0.006622487062068552,
    "aspect_ratio": {
      "min": 1.0133333333333263,
      "p05": 1.0133333333333263,
      "median": 1.0133333333333336,
      "mean": 1.0133333333333332,
      "p95": 1.013333333333341,
      "max": 1.013333333333341
    },
    "min_angle": {
      "min": 90.0,
      "p05": 90.0,
      "median": 90.0,
      "mean": 90.0,
      "p95": 90.0,
      "max": 90.0
    },
    "max_angle": {
      "min": 90.0,
      "p05": 90.0,
      "median": 90.0,
      "mean": 90.0,
      "p95": 90.0,
      "max": 90.0
    },
    "skewness": {
      "min": 0.0,
      "p05": 0.0,
      "median": 0.0,
      "mean": 0.0,
      "p95": 0.0,
      "max": 0.0
    },
    "planarity": {
      "min": 0.0,
      "p05": 0.0,
      "median": 0.0,
      "mean": 0.0,
      "p95": 0.0,
      "max": 0.0
    },
    "jacobian": {
      "min": 1.0,
      "p05": 1.0,
      "median": 1.0,
      "mean": 1.0,
      "p95": 1.0,
      "max": 1.0
    },
    "n_sliver_quads": 0,
    "n_sliver_tris": 0,
    "n_nonplanar_quads": 0,
    "n_inverted_quads": 0
  },
  "after_stitch": {
    "label": "after_stitch",
    "n_vertices": 1597,
    "n_quads": 1520,
    "n_tris": 0,
    "n_free_edges": 152,
    "n_nonmanifold_edges": 0,
    "n_t_junctions": 0,
    "n_duplicate_verts": 0,
    "n_orphan_verts": 0,
    "n_components": 1,
    "mean_edge_length": 3.977082800405851,
    "edge_length_cv": 0.024654824861762837,
    "aspect_ratio": {
      "min": 1.0133333333333263,
      "p05": 1.0133333333333263,
      "median": 1.0133333333333336,
      "mean": 1.0167345044053533,
      "p95": 1.013333333333341,
      "max": 1.7168909928823208
    },
    "min_angle": {
      "min": 58.60350124999646,
      "p05": 90.0,
      "median": 90.0,
      "mean": 89.8533742312335,
      "p95": 90.0,
      "max": 90.0
    },
    "max_angle": {
      "min": 90.0,
      "p05": 90.0,
      "median": 90.0,
      "mean": 90.0640034036349,
      "p95": 90.0,
      "max": 114.3212933812585
    },
    "skewness": {
      "min": 0.0,
      "p05": 0.0,
      "median": 0.0,
      "mean": 0.0016291752085164336,
      "p95": 0.0,
      "max": 0.3488499861111504
    },
    "planarity": {
      "min": 0.0,
      "p05": 0.0,
      "median": 0.0,
      "mean": 0.002360591730952991,
      "p95": 0.0,
      "max": 0.7237578899266724
    },
    "jacobian": {
      "min": 0.8535826337155407,
      "p05": 1.0,
      "median": 1.0,
      "mean": 0.9993811392431009,
      "p95": 1.0,
      "max": 1.0
    },
    "n_sliver_quads": 0,
    "n_sliver_tris": 0,
    "n_nonplanar_quads": 8,
    "n_inverted_quads": 0
  },
  "parse": {
    "n_panels": 2,
    "n_fold_lines": 1
  }
}