{
  "case": "l_shape",
  "resolution": 2.0,
  "before_stitch": {
    "label": "before_stitch",
    "n_vertices": 6254,
    "n_quads": 6084,
    "n_tris": 0,
    "n_free_edges": 338,
    "n_nonmanifold_edges": 0,
    "n_t_junctions": 0,
    "n_duplicate_verts": 0,
    "n_orphan_verts": 0,
    "n_components": 1,
    "mean_edge_length": 1.9861392558968956,
    "edge_length_cv": 0.004047712367254643,
    "aspect_ratio": {
      "min": 1.0011518841533418,
      "p05": 1.0011518841533562,
      "median": 1.0011518841533849,
      "mean": 1.005393743257821,
      "p95": 1.0097087378640799,
      "max": 1.0097087378640799
    },
    "min_angle": {
      "min": 90.0,
      "p05": 90.0,
      "median": 90.0,
      "mean": 90.0,
      "p95": 90.0,
      "max": 90.0
    },
    "max_angle": {
      "min": 90.0,
      "p05": 90.0,
      "median": 90.0,
      "mean": 90.0,
      "p95": 90.0,
      "max": 90.0
    },
    "skewness": {
      "min": 0.0,
      "p05": 0.0,
      "median": 0.0,
      "mean": 0.0,
      "p95": 0.0,
      "max": 0.0
    },
    "planarity": {
      "min": 0.0,
      "p05": 0.0,
      "median": 0.0,
      "mean": 0.0,
      "p95": 0.0,
      "max": 0.0
    },
    "jacobian": {
      "min": 1.0,
      "p05": 1.0,
      "median": 1.0,
      "mean": 1.0,
      "p95": 1.0,
      "max": 1.0
    },
    "n_sliver_quads": 0,
    "n_sliver_tris": 0,
    "n_nonplanar_quads": 0,
    "n_inverted_quads": 0
  },
  "after_stitch": {
    "label": "after_stitch",
    "n_vertices": 6254,
    "n_quads": 6084,
    "n_tris": 0,
    "n_free_edges": 334,
    "n_nonmanifold_edges": 0,
    "n_t_junctions": 0,
    "n_duplicate_verts": 2,
    "n_orphan_verts": 2,
    "n_components": 1,
    "mean_edge_length": 1.9865649059686425,
    "edge_length_cv": 0.012544020214131611,
    "aspect_ratio": {
      "min": 1.0011518841533418,
      "p05": 1.0011518841533562,
      "median": 1.0011518841533849,
      "mean": 1.0062515203854339,
      "p95": 1.0097087378640799,
      "max": 1.7258095458464122
    },
    "min_angle": {
      "min": 58.7543834367348,
      "p05": 90.0,
      "median": 90.0,
      "mean": 89.96357434368669,
      "p95": 90.0,
      "max": 90.0
    },
    "max_angle": {
      "min": 90.0,
      "p05": 90.0,
      "median": 90.0,
      "mean": 90.01599515275869,
      "p95": 90.0,
      "max": 114.29686402040079
    },
    "skewness": {
      "min": 0.0,
      "p05": 0.0,
      "median": 0.0,
      "mean": 0.0004047295145924433,
      "p95": 0.0,
      "max": 0.3471735173696133
    },
    "planarity": {
      "min": 0.0,
      "p05": 0.0,
      "median": 0.0,
      "mean": 0.0005882679450252877,
      "p95": 0.0,
      "max": 0.720358340387805
    },
    "jacobian": {
      "min": 0.8549515571284142,
      "p05": 1.0,
      "median": 1.0,
      "mean": 0.999847092526395,
      "p95": 1.0,
      "max": 1.0
    },
    "n_sliver_quads": 0,
    "n_sliver_tris": 0,
    "n_nonplanar_quads": 8,
    "n_inverted_quads": 0
  },
  "parse": {
    "n_panels": 2,
    "n_fold_lines": 1
  }
}