{
  "case": "tiny_panel",
  "resolution": 8.0,
  "before_stitch": {
    "label": "before_stitch",
    "n_vertices": 702,
    "n_quads": 650,
    "n_tris": 0,
    "n_free_edges": 102,
    "n_nonmanifold_edges": 0,
    "n_t_junctions": 0,
    "n_duplicate_verts": 0,
    "n_orphan_verts": 0,
    "n_components": 1,
    "mean_edge_length": 8.07698001480385,
    "edge_length_cv": 0.033709913400257495,
    "aspect_ratio": {
      "min": 1.009999999999998,
      "p05": 1.009999999999998,
      "median": 1.0099999999999998,
      "mean": 1.0192307692307694,
      "p95": 1.0100000000000016,
      "max": 1.25
    },
    "min_angle": {
      "min": 90.0,
      "p05": 90.0,
      "median": 90.0,
      "mean": 90.0,
      "p95": 90.0,
      "max": 90.0
    },
    "max_angle": {
      "min": 90.0,
      "p05": 90.0,
      "median": 90.0,
      "mean": 90.0,
      "p95": 90.0,
      "max": 90.0
    },
    "skewness": {
      "min": 0.0,
      "p05": 0.0,
      "median": 0.0,
      "mean": 0.0,
      "p95": 0.0,
      "max": 0.0
    },
    "planarity": {
      "min": 0.0,
      "p05": 0.0,
      "median": 0.0,
      "mean": 0.0,
      "p95": 0.0,
      "max": 0.0
    },
    "jacobian": {
      "min": 1.0,
      "p05": 1.0,
      "median": 1.0,
      "mean": 1.0,
      "p95": 1.0,
      "max": 1.0
    },
    "n_sliver_quads": 0,
    "n_sliver_tris": 0,
    "n_nonplanar_quads": 0,
    "n_inverted_quads": 0
  },
  "after_stitch": {
    "label": "after_stitch",
    "n_vertices": 700,
    "n_quads": 650,
    "n_tris": 0,
    "n_free_edges": 98,
    "n_nonmanifold_edges": 0,
    "n_t_junctions": 0,
    "n_duplicate_verts": 0,
    "n_orphan_verts": 0,
    "n_components": 1,
    "mean_edge_length": 8.085847740365283,
    "edge_length_cv": 0.04362479136164057,
    "aspect_ratio": {
      "min": 1.009999999999998,
      "p05": 1.009999999999998,
      "median": 1.0099999999999998,
      "mean": 1.024036508921477,
      "p95": 1.0100000000000016,
      "max": 1.63885630852738
    },
    "min_angle": {
      "min": 56.65271835448931,
      "p05": 90.0,
      "median": 90.0,
      "mean": 89.73634833338596,
      "p95": 90.0,
      "max": 90.0
    },
    "max_angle": {
      "min": 90.0,
      "p05": 90.0,
      "median": 90.0,
      "mean": 90.09458984931292,
      "p95": 90.0,
      "max": 113.18250430263572
    },
    "skewness": {
      "min": 0.0,
      "p05": 0.0,
      "median": 0.0,
      "mean": 0.0029294629623781653,
      "p95": 0.0,
      "max": 0.37052535161678546
    },
    "planarity": {
      "min": 0.0,
      "p05": 0.0,
      "median": 0.0,
      "mean": 0.004745372593354621,
      "p95": 0.0,
      "max": 0.7671238659376828
    },
    "jacobian": {
      "min": 0.8353540120080801,
      "p05": 1.0,
      "median": 1.0,
      "mean": 0.9988550692893071,
      "p95": 1.0,
      "max": 1.0
    },
    "n_sliver_quads": 0,
    "n_sliver_tris": 0,
    "n_nonplanar_quads": 6,
    "n_inverted_quads": 0
  },
  "parse": {
    "n_panels": 2,
    "n_fold_lines": 1
  }
}