{
  "case": "wide_t",
  "resolution": 4.0,
  "before_stitch": {
    "label": "before_stitch",
    "n_vertices": 2288,
    "n_quads": 2175,
    "n_tris": 0,
    "n_free_edges": 224,
    "n_nonmanifold_edges": 0,
    "n_t_junctions": 0,
    "n_duplicate_verts": 0,
    "n_orphan_verts": 0,
    "n_components": 1,
    "mean_edge_length": 3.9421783953384133,
    "edge_length_cv": 0.012853899286891297,
    "aspect_ratio": {
      "min": 1.0202991452991266,
      "p05": 1.0202991452991341,
      "median": 1.0232142857142765,
      "mean": 1.024920213885731,
      "p95": 1.0346938775510275,
      "max": 1.0346938775510348
    },
    "min_angle": {
      "min": 90.0,
      "p05": 90.0,
      "median": 90.0,
      "mean": 90.0,
      "p95": 90.0,
      "max": 90.0
    },
    "max_angle": {
      "min": 90.0,
      "p05": 90.0,
      "median": 90.0,
      "mean": 90.0,
      "p95": 90.0,
      "max": 90.0
    },
    "skewness": {
      "min": 0.0,
      "p05": 0.0,
      "median": 0.0,
      "mean": 0.0,
      "p95": 0.0,
      "max": 0.0
    },
    "planarity": {
      "min": 0.0,
      "p05": 0.0,
      "median": 0.0,
      "mean": 0.0,
      "p95": 0.0,
      "max": 0.0
    },
    "jacobian": {
      "min": 1.0,
      "p05": 1.0,
      "median": 1.0,
      "mean": 1.0,
      "p95": 1.0,
      "max": 1.0
    },
    "n_sliver_quads": 0,
    "n_sliver_tris": 0,
    "n_nonplanar_quads": 0,
    "n_inverted_quads": 0
  },
  "after_stitch": {
    "label": "after_stitch",
    "n_vertices": 2286,
    "n_quads": 2175,
    "n_tris": 0,
    "n_free_edges": 220,
    "n_nonmanifold_edges": 0,
    "n_t_junctions": 0,
    "n_duplicate_verts": 0,
    "n_orphan_verts": 0,
    "n_components": 1,
    "mean_edge_length": 3.945138011081866,
    "edge_length_cv": 0.026093373244090272,
    "aspect_ratio": {
      "min": 1.0202991452991266,
      "p05": 1.0202991452991341,
      "median": 1.0232142857142765,
      "mean": 1.027723354691518,
      "p95": 1.0346938775510275,
      "max": 2.2041974224514536
    },
    "min_angle": {
      "min": 53.083148082546124,
      "p05": 90.0,
      "median": 90.0,
      "mean": 89.89285695114184,
      "p95": 90.0,
      "max": 90.0
    },
    "max_angle": {
      "min": 90.0,
      "p05": 90.0,
      "median": 90.0,
      "mean": 90.07975949863004,
      "p95": 90.0,
      "max": 134.1048262897837
    },
    "skewness": {
      "min": 0.0,
      "p05": 0.0,
      "median": 0.0,
      "mean": 0.001384730217567939,
      "p95": 0.0,
      "max": 0.49005362544204095
    },
    "planarity": {
      "min": 0.0,
      "p05": 0.0,
      "median": 0.0,
      "mean": 0.0008427528895533679,
      "p95": 0.0,
      "max": 0.7204867444649963
    },
    "jacobian": {
      "min": 0.7180676752464434,
      "p05": 1.0,
      "median": 1.0,
      "mean": 0.9993489346055637,
      "p95": 1.0,
      "max": 1.0
    },
    "n_sliver_quads": 0,
    "n_sliver_tris": 0,
    "n_nonplanar_quads": 4,
    "n_inverted_quads": 0
  },
  "parse": {
    "n_panels": 2,
    "n_fold_lines": 1
  }
}