{
  "case": "branching_tree",
  "resolution": 8.0,
  "before_stitch": {
    "label": "before_stitch",
    "n_vertices": 3068,
    "n_quads": 2919,
    "n_tris": 0,
    "n_free_edges": 448,
    "n_nonmanifold_edges": 0,
    "n_t_junctions": 63,
    "n_duplicate_verts": 0,
    "n_orphan_verts": 0,
    "n_components": 1,
    "mean_edge_length": 5.3356655143230105,
    "edge_length_cv": 0.5580415965414708,
    "aspect_ratio": {
      "min": 1.0,
      "p05": 1.008771929824561,
      "median": 1.285201435979258,
      "mean": 5.997883665677309,
      "p95": 23.347826086955894,
      "max": 88.16666666664243
    },
    "min_angle": {
      "min": 89.99999999999979,
      "p05": 90.0,
      "median": 90.0,
      "mean": 90.0,
      "p95": 90.0,
      "max": 90.0
    },
    "max_angle": {
      "min": 90.0,
      "p05": 90.0,
      "median": 90.0,
      "mean": 90.0,
      "p95": 90.0,
      "max": 90.00000000000021
    },
    "skewness": {
      "min": 0.0,
      "p05": 0.0,
      "median": 0.0,
      "mean": 1.6227994421836249e-18,
      "p95": 0.0,
      "max": 2.3684757858670005e-15
    },
    "planarity": {
      "min": 0.0,
      "p05": 0.0,
      "median": 0.0,
      "mean": 0.0,
      "p95": 0.0,
      "max": 0.0
    },
    "jacobian": {
      "min": 1.0,
      "p05": 1.0,
      "median": 1.0,
      "mean": 1.0,
      "p95": 1.0,
      "max": 1.0
    },
    "n_sliver_quads": 847,
    "n_sliver_tris": 0,
    "n_nonplanar_quads": 0,
    "n_inverted_quads": 0
  },
  "after_stitch": {
    "label": "after_stitch",
    "n_vertices": 3068,
    "n_quads": 2919,
    "n_tris": 0,
    "n_free_edges": 410,
    "n_nonmanifold_edges": 0,
    "n_t_junctions": 42,
    "n_duplicate_verts": 40,
    "n_orphan_verts": 40,
    "n_components": 1,
    "mean_edge_length": 5.349257577677114,
    "edge_length_cv": 0.5590974112086002,
    "aspect_ratio": {
      "min": 1.0,
      "p05": 1.008771929824561,
      "median": 1.3043478260870174,
      "mean": 6.014806948218107,
      "p95": 23.347826086955894,
      "max": 88.16666666664243
    },
    "min_angle": {
      "min": 29.337405068849577,
      "p05": 90.0,
      "median": 90.0,
      "mean": 89.48739185536878,
      "p95": 90.0,
      "max": 90.0
    },
    "max_angle": {
      "min": 90.0,
      "p05": 90.0,
      "median": 90.0,
      "mean": 90.3744395701698,
      "p95": 90.0,
      "max": 171.73407857380107
    },
    "skewness": {
      "min": 0.0,
      "p05": 0.0,
      "median": 0.0,
      "mean": 0.006353009051555523,
      "p95": 0.0,
      "max": 0.9081564285977897
    },
    "planarity": {
      "min": 0.0,
      "p05": 0.0,
      "median": 0.0,
      "mean": 0.006161646507093136,
      "p95": 0.0,
      "max": 1.0917409398883617
    },
    "jacobian": {
      "min": -1.0,
      "p05": 1.0,
      "median": 1.0,
      "mean": 0.9961339921052649,
      "p95": 1.0,
      "max": 1.0
    },
    "n_sliver_quads": 850,
    "n_sliver_tris": 0,
    "n_nonplanar_quads": 58,
    "n_inverted_quads": 2
  },
  "parse": {
    "n_panels": 5,
    "n_fold_lines": 4
  }
}