{
  "case": "triple_junction",
  "resolution": 2.0,
  "before_stitch": {
    "label": "before_stitch",
    "n_vertices": 13494,
    "n_quads": 13200,
    "n_tris": 0,
    "n_free_edges": 586,
    "n_nonmanifold_edges": 0,
    "n_t_junctions": 0,
    "n_duplicate_verts": 61,
    "n_orphan_verts": 0,
    "n_components": 1,
    "mean_edge_length": 1.9999812684973588,
    "edge_length_cv": 0.002691842657927039,
    "aspect_ratio": {
      "min": 1.0035211267605462,
      "p05": 1.0035211267605604,
      "median": 1.0035211267605746,
      "mean": 1.0037956727771544,
      "p95": 1.004115226337457,
      "max": 1.004115226337457
    },
    "min_angle": {
      "min": 90.0,
      "p05": 90.0,
      "median": 90.0,
      "mean": 90.0,
      "p95": 90.0,
      "max": 90.0
    },
    "max_angle": {
      "min": 90.0,
      "p05": 90.0,
      "median": 90.0,
      "mean": 90.0,
      "p95": 90.0,
      "max": 90.0
    },
    "skewness": {
      "min": 0.0,
      "p05": 0.0,
      "median": 0.0,
      "mean": 0.0,
      "p95": 0.0,
      "max": 0.0
    },
    "planarity": {
      "min": 0.0,
      "p05": 0.0,
      "median": 0.0,
      "mean": 0.0,
      "p95": 0.0,
      "max": 0.0
    },
    "jacobian": {
      "min": 1.0,
      "p05": 1.0,
      "median": 1.0,
      "mean": 1.0,
      "p95": 1.0,
      "max": 1.0
    },
    "n_sliver_quads": 0,
    "n_sliver_tris": 0,
    "n_nonplanar_quads": 0,
    "n_inverted_quads": 0
  },
  "after_stitch": {
    "label": "after_stitch",
    "n_vertices": 13431,
    "n_quads": 13200,
    "n_tris": 0,
    "n_free_edges": 460,
    "n_nonmanifold_edges": 0,
    "n_t_junctions": 0,
    "n_duplicate_verts": 0,
    "n_orphan_verts": 0,
    "n_components": 1,
    "mean_edge_length": 2.000198076691386,
    "edge_length_cv": 0.008478189224674818,
    "aspect_ratio": {
      "min": 1.0035211267605462,
      "p05": 1.0035211267605604,
      "median": 1.0035211267605746,
      "mean": 1.004192239016493,
      "p95": 1.004115226337457,
      "max": 1.7323757982529508
    },
    "min_angle": {
      "min": 58.88914143222703,
      "p05": 90.0,
      "median": 90.0,
      "mean": 89.98328047886558,
      "p95": 90.0,
      "max": 90.0
    },
    "max_angle": {
      "min": 90.0,
      "p05": 90.0,
      "median": 90.0,
      "mean": 90.00733815864143,
      "p95": 90.0,
      "max": 114.18751110857606
    },
    "skewness": {
      "min": 0.0,
      "p05": 0.0,
      "median": 0.0,
      "mean": 0.0001857724570490294,
      "p95": 0.0,
      "max": 0.3456762063085886
    },
    "planarity": {
      "min": 0.0,
      "p05": 0.0,
      "median": 0.0,
      "mean": 0.0002706404754826886,
      "p95": 0.0,
      "max": 0.7185531943069668
    },
    "jacobian": {
      "min": 0.8561691769843179,
      "p05": 1.0,
      "median": 1.0,
      "mean": 0.9999300943374604,
      "p95": 1.0,
      "max": 1.0
    },
    "n_sliver_quads": 0,
    "n_sliver_tris": 0,
    "n_nonplanar_quads": 8,
    "n_inverted_quads": 0
  },
  "parse": {
    "n_panels": 3,
    "n_fold_lines": 3
  }
}