{
  "case": "h_shape",
  "resolution": 8.0,
  "before_stitch": {
    "label": "before_stitch",
    "n_vertices": 1692,
    "n_quads": 1540,
    "n_tris": 0,
    "n_free_edges": 382,
    "n_nonmanifold_edges": 0,
    "n_t_junctions": 36,
    "n_duplicate_verts": 0,
    "n_orphan_verts": 0,
    "n_components": 1,
    "mean_edge_length": 7.143325644089937,
    "edge_length_cv": 0.23025271913920822,
    "aspect_ratio": {
      "min": 1.0409136546184667,
      "p05": 1.0409136546184667,
      "median": 1.0409136546184763,
      "mean": 1.8919173983202944,
      "p95": 5.500000000000059,
      "max": 22.000000000000234
    },
    "min_angle": {
      "min": 90.0,
      "p05": 90.0,
      "median": 90.0,
      "mean": 90.0,
      "p95": 90.0,
      "max": 90.0
    },
    "max_angle": {
      "min": 90.0,
      "p05": 90.0,
      "median": 90.0,
      "mean": 90.0,
      "p95": 90.0,
      "max": 90.0
    },
    "skewness": {
      "min": 0.0,
      "p05": 0.0,
      "median": 0.0,
      "mean": 0.0,
      "p95": 0.0,
      "max": 0.0
    },
    "planarity": {
      "min": 0.0,
      "p05": 0.0,
      "median": 0.0,
      "mean": 1.995817951610698e-34,
      "p95": 0.0,
      "max": 2.561299704567062e-32
    },
    "jacobian": {
      "min": 1.0,
      "p05": 1.0,
      "median": 1.0,
      "mean": 1.0,
      "p95": 1.0,
      "max": 1.0
    },
    "n_sliver_quads": 88,
    "n_sliver_tris": 0,
    "n_nonplanar_quads": 0,
    "n_inverted_quads": 0
  },
  "after_stitch": {
    "label": "after_stitch",
    "n_vertices": 1692,
    "n_quads": 1540,
    "n_tris": 0,
    "n_free_edges": 370,
    "n_nonmanifold_edges": 0,
    "n_t_junctions": 32,
    "n_duplicate_verts": 8,
    "n_orphan_verts": 8,
    "n_components": 1,
    "mean_edge_length": 7.168568912456944,
    "edge_length_cv": 0.23158471587930127,
    "aspect_ratio": {
      "min": 1.0409136546184667,
      "p05": 1.0409136546184667,
      "median": 1.0409136546184763,
      "mean": 1.9088372245793988,
      "p95": 5.500000000000059,
      "max": 26.812205714399614
    },
    "min_angle": {
      "min": 40.91221139926203,
      "p05": 90.0,
      "median": 90.0,
      "mean": 89.42268171614114,
      "p95": 90.0,
      "max": 90.0
    },
    "max_angle": {
      "min": 90.0,
      "p05": 90.0,
      "median": 90.0,
      "mean": 90.57012002834794,
      "p95": 90.0,
      "max": 177.2400337726631
    },
    "skewness": {
      "min": 0.0,
      "p05": 0.0,
      "median": 0.0,
      "mean": 0.008158980065606027,
      "p95": 0.0,
      "max": 0.9693337085851457
    },
    "planarity": {
      "min": 0.0,
      "p05": 0.0,
      "median": 0.0,
      "mean": 0.00431651233300387,
      "p95": 0.0,
      "max": 0.9109194744580359
    },
    "jacobian": {
      "min": -1.0,
      "p05": 1.0,
      "median": 1.0,
      "mean": 0.9927428788886153,
      "p95": 1.0,
      "max": 1.0
    },
    "n_sliver_quads": 88,
    "n_sliver_tris": 0,
    "n_nonplanar_quads": 13,
    "n_inverted_quads": 4
  },
  "parse": {
    "n_panels": 5,
    "n_fold_lines": 4
  }
}