{
  "case": "cascade_5_deep",
  "resolution": 2.0,
  "before_stitch": {
    "label": "before_stitch",
    "n_vertices": 10767,
    "n_quads": 10488,
    "n_tris": 0,
    "n_free_edges": 562,
    "n_nonmanifold_edges": 0,
    "n_t_junctions": 0,
    "n_duplicate_verts": 0,
    "n_orphan_verts": 0,
    "n_components": 1,
    "mean_edge_length": 2.0005555211323522,
    "edge_length_cv": 0.01705930569590029,
    "aspect_ratio": {
      "min": 1.0,
      "p05": 1.0,
      "median": 1.0,
      "mean": 1.0003535663551202,
      "p95": 1.0,
      "max": 2.23606797749979
    },
    "min_angle": {
      "min": 39.23152048359679,
      "p05": 90.0,
      "median": 90.0,
      "mean": 89.98547812370812,
      "p95": 90.0,
      "max": 90.0
    },
    "max_angle": {
      "min": 90.0,
      "p05": 90.0,
      "median": 90.0,
      "mean": 90.01008706798704,
      "p95": 90.0,
      "max": 125.2643896827488
    },
    "skewness": {
      "min": 0.0,
      "p05": 0.0,
      "median": 0.0,
      "mean": 0.00016135418102085944,
      "p95": 0.0,
      "max": 0.5640942168489246
    },
    "planarity": {
      "min": 0.0,
      "p05": 0.0,
      "median": 0.0,
      "mean": 0.00010234485373979858,
      "p95": 0.0,
      "max": 0.47392272617336106
    },
    "jacobian": {
      "min": 0.6324555320336758,
      "p05": 1.0,
      "median": 1.0,
      "mean": 0.9998948671430301,
      "p95": 1.0,
      "max": 1.0
    },
    "n_sliver_quads": 0,
    "n_sliver_tris": 0,
    "n_nonplanar_quads": 3,
    "n_inverted_quads": 0
  },
  "after_stitch": {
    "label": "after_stitch",
    "n_vertices": 10759,
    "n_quads": 10488,
    "n_tris": 0,
    "n_free_edges": 552,
    "n_nonmanifold_edges": 0,
    "n_t_junctions": 0,
    "n_duplicate_verts": 0,
    "n_orphan_verts": 0,
    "n_components": 1,
    "mean_edge_length": 2.001366121920157,
    "edge_length_cv": 0.022691048206074795,
    "aspect_ratio": {
      "min": 1.0,
      "p05": 1.0,
      "median": 1.0,
      "mean": 1.0018717244377187,
      "p95": 1.0,
      "max": 2.23606797749979
    },
    "min_angle": {
      "min": 26.56505117708654,
      "p05": 90.0,
      "median": 90.0,
      "mean": 89.9212937028476,
      "p95": 90.0,
      "max": 90.0
    },
    "max_angle": {
      "min": 90.0,
      "p05": 90.0,
      "median": 90.0,
      "mean": 90.04871743187653,
      "p95": 90.0,
      "max": 138.18968510421183
    },
    "skewness": {
      "min": 0.0,
      "p05": 0.0,
      "median": 0.0,
      "mean": 0.000933105020555824,
      "p95": 0.0,
      "max": 0.7048327646990384
    },
    "planarity": {
      "min": 0.0,
      "p05": 0.0,
      "median": 0.0,
      "mean": 0.0007730260802317898,
      "p95": 0.0,
      "max": 0.719362624704209
    },
    "jacobian": {
      "min": -1.0,
      "p05": 1.0,
      "median": 1.0,
      "mean": 0.9991700852651924,
      "p95": 1.0,
      "max": 1.0
    },
    "n_sliver_quads": 0,
    "n_sliver_tris": 0,
    "n_nonplanar_quads": 17,
    "n_inverted_quads": 3
  },
  "parse": {
    "n_panels": 5,
    "n_fold_lines": 4
  }
}