{
  "case": "closed_box",
  "resolution": 2.0,
  "before_stitch": {
    "label": "before_stitch",
    "n_vertices": 26466,
    "n_quads": 26004,
    "n_tris": 0,
    "n_free_edges": 938,
    "n_nonmanifold_edges": 0,
    "n_t_junctions": 0,
    "n_duplicate_verts": 0,
    "n_orphan_verts": 0,
    "n_components": 1,
    "mean_edge_length": 2.0006000705177716,
    "edge_length_cv": 0.017729558435559463,
    "aspect_ratio": {
      "min": 1.0,
      "p05": 1.0,
      "median": 1.0,
      "mean": 1.0003802701053683,
      "p95": 1.0,
      "max": 2.23606797749979
    },
    "min_angle": {
      "min": 39.23152048359679,
      "p05": 90.0,
      "median": 90.0,
      "mean": 89.98438133225153,
      "p95": 90.0,
      "max": 90.0
    },
    "max_angle": {
      "min": 90.0,
      "p05": 90.0,
      "median": 90.0,
      "mean": 90.0108489123774,
      "p95": 90.0,
      "max": 125.26438968274918
    },
    "skewness": {
      "min": 0.0,
      "p05": 0.0,
      "median": 0.0,
      "mean": 0.00017354075276078214,
      "p95": 0.0,
      "max": 0.5640942168489246
    },
    "planarity": {
      "min": 0.0,
      "p05": 0.0,
      "median": 0.0,
      "mean": 0.00011684362942860252,
      "p95": 0.0,
      "max": 0.6702279468711819
    },
    "jacobian": {
      "min": 0.6324555320336758,
      "p05": 1.0,
      "median": 1.0,
      "mean": 0.9998869267903502,
      "p95": 1.0,
      "max": 1.0
    },
    "n_sliver_quads": 0,
    "n_sliver_tris": 0,
    "n_nonplanar_quads": 8,
    "n_inverted_quads": 0
  },
  "after_stitch": {
    "label": "after_stitch",
    "n_vertices": 26008,
    "n_quads": 26004,
    "n_tris": 0,
    "n_free_edges": 32,
    "n_nonmanifold_edges": 0,
    "n_t_junctions": 0,
    "n_duplicate_verts": 0,
    "n_orphan_verts": 0,
    "n_components": 1,
    "mean_edge_length": 2.020836888736358,
    "edge_length_cv": 0.07680706780349318,
    "aspect_ratio": {
      "min": 1.0,
      "p05": 1.0,
      "median": 1.0,
      "mean": 1.0207032299222834,
      "p95": 1.0,
      "max": 2.23606797749979
    },
    "min_angle": {
      "min": 26.56505117708654,
      "p05": 90.0,
      "median": 90.0,
      "mean": 89.96352313582716,
      "p95": 90.0,
      "max": 90.0
    },
    "max_angle": {
      "min": 90.0,
      "p05": 90.0,
      "median": 90.0,
      "mean": 90.03630639613111,
      "p95": 90.0,
      "max": 138.18968510421183
    },
    "skewness": {
      "min": 0.0,
      "p05": 0.0,
      "median": 0.0,
      "mean": 0.0004708589903083693,
      "p95": 0.0,
      "max": 0.7048327646990384
    },
    "planarity": {
      "min": 0.0,
      "p05": 0.0,
      "median": 0.0,
      "mean": 0.00038534739251711904,
      "p95": 0.0,
      "max": 0.6447409301087625
    },
    "jacobian": {
      "min": -1.0,
      "p05": 1.0,
      "median": 1.0,
      "mean": 0.999672155388847,
      "p95": 1.0,
      "max": 1.0
    },
    "n_sliver_quads": 0,
    "n_sliver_tris": 0,
    "n_nonplanar_quads": 28,
    "n_inverted_quads": 2
  },
  "parse": {
    "n_panels": 6,
    "n_fold_lines": 5
  }
}