{
  "case": "l_shape",
  "resolution": 4.0,
  "before_stitch": {
    "label": "before_stitch",
    "n_vertices": 1593,
    "n_quads": 1508,
    "n_tris": 0,
    "n_free_edges": 168,
    "n_nonmanifold_edges": 0,
    "n_t_junctions": 0,
    "n_duplicate_verts": 0,
    "n_orphan_verts": 0,
    "n_components": 1,
    "mean_edge_length": 3.9896774193548388,
    "edge_length_cv": 0.007626371922770973,
    "aspect_ratio": {
      "min": 1.0097087378640726,
      "p05": 1.0097087378640726,
      "median": 1.014060930699691,
      "mean": 1.014060930699699,
      "p95": 1.018413123535324,
      "max": 1.018413123535324
    },
    "min_angle": {
      "min": 90.0,
      "p05": 90.0,
      "median": 90.0,
      "mean": 90.0,
      "p95": 90.0,
      "max": 90.0
    },
    "max_angle": {
      "min": 90.0,
      "p05": 90.0,
      "median": 90.0,
      "mean": 90.0,
      "p95": 90.0,
      "max": 90.0
    },
    "skewness": {
      "min": 0.0,
      "p05": 0.0,
      "median": 0.0,
      "mean": 0.0,
      "p95": 0.0,
      "max": 0.0
    },
    "planarity": {
      "min": 0.0,
      "p05": 0.0,
      "median": 0.0,
      "mean": 0.0,
      "p95": 0.0,
      "max": 0.0
    },
    "jacobian": {
      "min": 1.0,
      "p05": 1.0,
      "median": 1.0,
      "mean": 1.0,
      "p95": 1.0,
      "max": 1.0
    },
    "n_sliver_quads": 0,
    "n_sliver_tris": 0,
    "n_nonplanar_quads": 0,
    "n_inverted_quads": 0
  },
  "after_stitch": {
    "label": "after_stitch",
    "n_vertices": 1591,
    "n_quads": 1508,
    "n_tris": 0,
    "n_free_edges": 164,
    "n_nonmanifold_edges": 0,
    "n_t_junctions": 0,
    "n_duplicate_verts": 0,
    "n_orphan_verts": 0,
    "n_components": 1,
    "mean_edge_length": 3.993093446652404,
    "edge_length_cv": 0.025017818753127207,
    "aspect_ratio": {
      "min": 1.0097087378640726,
      "p05": 1.0097087378640726,
      "median": 1.0184131235353022,
      "mean": 1.0174861860046813,
      "p95": 1.018413123535324,
      "max": 1.716066681603986
    },
    "min_angle": {
      "min": 58.55656019552471,
      "p05": 90.0,
      "median": 90.0,
      "mean": 89.85213011008008,
      "p95": 90.0,
      "max": 90.0
    },
    "max_angle": {
      "min": 90.0,
      "p05": 90.0,
      "median": 90.0,
      "mean": 90.06492529598349,
      "p95": 90.0,
      "max": 114.44474654431464
    },
    "skewness": {
      "min": 0.0,
      "p05": 0.0,
      "median": 0.0,
      "mean": 0.0016429987768878547,
      "p95": 0.0,
      "max": 0.34937155338305875
    },
    "planarity": {
      "min": 0.0,
      "p05": 0.0,
      "median": 0.0,
      "mean": 0.002379957782099633,
      "p95": 0.0,
      "max": 0.7247699923078446
    },
    "jacobian": {
      "min": 0.8531555393652227,
      "p05": 1.0,
      "median": 1.0,
      "mean": 0.9993755682899121,
      "p95": 1.0,
      "max": 1.0
    },
    "n_sliver_quads": 0,
    "n_sliver_tris": 0,
    "n_nonplanar_quads": 8,
    "n_inverted_quads": 0
  },
  "parse": {
    "n_panels": 2,
    "n_fold_lines": 1
  }
}