{
  "case": "wide_t",
  "resolution": 4.0,
  "before_stitch": {
    "label": "before_stitch",
    "n_vertices": 2991,
    "n_quads": 2850,
    "n_tris": 0,
    "n_free_edges": 334,
    "n_nonmanifold_edges": 0,
    "n_t_junctions": 27,
    "n_duplicate_verts": 0,
    "n_orphan_verts": 0,
    "n_components": 1,
    "mean_edge_length": 3.4734106016703596,
    "edge_length_cv": 0.25273057996365467,
    "aspect_ratio": {
      "min": 1.0062260536398266,
      "p05": 1.006226053639841,
      "median": 1.012491781722557,
      "mean": 1.5607838901367395,
      "p95": 3.2556818181817704,
      "max": 3.647569444444453
    },
    "min_angle": {
      "min": 90.0,
      "p05": 90.0,
      "median": 90.0,
      "mean": 90.0,
      "p95": 90.0,
      "max": 90.0
    },
    "max_angle": {
      "min": 90.0,
      "p05": 90.0,
      "median": 90.0,
      "mean": 90.0,
      "p95": 90.0,
      "max": 90.0
    },
    "skewness": {
      "min": 0.0,
      "p05": 0.0,
      "median": 0.0,
      "mean": 0.0,
      "p95": 0.0,
      "max": 0.0
    },
    "planarity": {
      "min": 0.0,
      "p05": 0.0,
      "median": 0.0,
      "mean": 0.0,
      "p95": 0.0,
      "max": 0.0
    },
    "jacobian": {
      "min": 1.0,
      "p05": 1.0,
      "median": 1.0,
      "mean": 1.0,
      "p95": 1.0,
      "max": 1.0
    },
    "n_sliver_quads": 0,
    "n_sliver_tris": 0,
    "n_nonplanar_quads": 0,
    "n_inverted_quads": 0
  },
  "after_stitch": {
    "label": "after_stitch",
    "n_vertices": 2991,
    "n_quads": 2850,
    "n_tris": 0,
    "n_free_edges": 330,
    "n_nonmanifold_edges": 0,
    "n_t_junctions": 25,
    "n_duplicate_verts": 2,
    "n_orphan_verts": 2,
    "n_components": 1,
    "mean_edge_length": 3.4747683379513834,
    "edge_length_cv": 0.25278375280809423,
    "aspect_ratio": {
      "min": 1.0062260536398266,
      "p05": 1.006226053639841,
      "median": 1.012491781722557,
      "mean": 1.5622098259999895,
      "p95": 3.2556818181817704,
      "max": 4.080910399938031
    },
    "min_angle": {
      "min": 60.12712265793238,
      "p05": 90.0,
      "median": 90.0,
      "mean": 89.93298732555745,
      "p95": 90.0,
      "max": 90.0
    },
    "max_angle": {
      "min": 90.0,
      "p05": 90.0,
      "median": 90.0,
      "mean": 90.05799243114205,
      "p95": 90.0,
      "max": 135.72867866470122
    },
    "skewness": {
      "min": 0.0,
      "p05": 0.0,
      "median": 0.0,
      "mean": 0.000910387481955047,
      "p95": 0.0,
      "max": 0.5080964296077913
    },
    "planarity": {
      "min": 0.0,
      "p05": 0.0,
      "median": 0.0,
      "mean": 0.000503549296834623,
      "p95": 0.0,
      "max": 0.3695406462114653
    },
    "jacobian": {
      "min": 0.6980569671736155,
      "p05": 1.0,
      "median": 1.0,
      "mean": 0.999604636400738,
      "p95": 1.0,
      "max": 1.0
    },
    "n_sliver_quads": 0,
    "n_sliver_tris": 0,
    "n_nonplanar_quads": 4,
    "n_inverted_quads": 0
  },
  "parse": {
    "n_panels": 2,
    "n_fold_lines": 1
  }
}