{
  "case": "zigzag_6",
  "resolution": 4.0,
  "before_stitch": {
    "label": "before_stitch",
    "n_vertices": 3575,
    "n_quads": 3408,
    "n_tris": 0,
    "n_free_edges": 332,
    "n_nonmanifold_edges": 0,
    "n_t_junctions": 0,
    "n_duplicate_verts": 0,
    "n_orphan_verts": 0,
    "n_components": 1,
    "mean_edge_length": 3.949871097106846,
    "edge_length_cv": 0.014252992534738093,
    "aspect_ratio": {
      "min": 1.0109890109889959,
      "p05": 1.0109890109889959,
      "median": 1.032258064516129,
      "mean": 1.0253680894298793,
      "p95": 1.032258064516129,
      "max": 1.0322580645161366
    },
    "min_angle": {
      "min": 90.0,
      "p05": 90.0,
      "median": 90.0,
      "mean": 90.0,
      "p95": 90.0,
      "max": 90.0
    },
    "max_angle": {
      "min": 90.0,
      "p05": 90.0,
      "median": 90.0,
      "mean": 90.0,
      "p95": 90.0,
      "max": 90.0
    },
    "skewness": {
      "min": 0.0,
      "p05": 0.0,
      "median": 0.0,
      "mean": 0.0,
      "p95": 0.0,
      "max": 0.0
    },
    "planarity": {
      "min": 0.0,
      "p05": 0.0,
      "median": 0.0,
      "mean": 0.0,
      "p95": 0.0,
      "max": 0.0
    },
    "jacobian": {
      "min": 1.0,
      "p05": 1.0,
      "median": 1.0,
      "mean": 1.0,
      "p95": 1.0,
      "max": 1.0
    },
    "n_sliver_quads": 0,
    "n_sliver_tris": 0,
    "n_nonplanar_quads": 0,
    "n_inverted_quads": 0
  },
  "after_stitch": {
    "label": "after_stitch",
    "n_vertices": 3575,
    "n_quads": 3408,
    "n_tris": 0,
    "n_free_edges": 312,
    "n_nonmanifold_edges": 0,
    "n_t_junctions": 0,
    "n_duplicate_verts": 12,
    "n_orphan_verts": 12,
    "n_components": 1,
    "mean_edge_length": 3.9578414046761825,
    "edge_length_cv": 0.036921522440451264,
    "aspect_ratio": {
      "min": 1.0109890109889959,
      "p05": 1.0109890109889959,
      "median": 1.032258064516129,
      "mean": 1.0326184584085922,
      "p95": 1.032258064516129,
      "max": 1.7694952454067754
    },
    "min_angle": {
      "min": 59.32564717272801,
      "p05": 90.0,
      "median": 90.0,
      "mean": 89.67436855326302,
      "p95": 90.0,
      "max": 90.0
    },
    "max_angle": {
      "min": 89.99999999999973,
      "p05": 90.0,
      "median": 90.0,
      "mean": 90.15591506498409,
      "p95": 90.0,
      "max": 113.99382048301565
    },
    "skewness": {
      "min": 0.0,
      "p05": 0.0,
      "median": 0.0,
      "mean": 0.0036181271859664545,
      "p95": 0.0,
      "max": 0.3408261425252443
    },
    "planarity": {
      "min": 0.0,
      "p05": 0.0,
      "median": 0.0,
      "mean": 0.005208133041410652,
      "p95": 0.0,
      "max": 0.7140173593677127
    },
    "jacobian": {
      "min": 0.86008071854982,
      "p05": 1.0,
      "median": 1.0,
      "mean": 0.9986806771935095,
      "p95": 1.0,
      "max": 1.0
    },
    "n_sliver_quads": 0,
    "n_sliver_tris": 0,
    "n_nonplanar_quads": 40,
    "n_inverted_quads": 0
  },
  "parse": {
    "n_panels": 6,
    "n_fold_lines": 5
  }
}