{
  "case": "cross",
  "resolution": 8.0,
  "before_stitch": {
    "label": "before_stitch",
    "n_vertices": 2941,
    "n_quads": 2804,
    "n_tris": 0,
    "n_free_edges": 432,
    "n_nonmanifold_edges": 0,
    "n_t_junctions": 80,
    "n_duplicate_verts": 0,
    "n_orphan_verts": 0,
    "n_components": 1,
    "mean_edge_length": 5.324862637362638,
    "edge_length_cv": 0.39007560596050644,
    "aspect_ratio": {
      "min": 1.0,
      "p05": 1.0439189189189113,
      "median": 1.1164179104477658,
      "mean": 1.3187120887167176,
      "p95": 2.189542483660158,
      "max": 2.857142857142861
    },
    "min_angle": {
      "min": 90.0,
      "p05": 90.0,
      "median": 90.0,
      "mean": 90.0,
      "p95": 90.0,
      "max": 90.0
    },
    "max_angle": {
      "min": 90.0,
      "p05": 90.0,
      "median": 90.0,
      "mean": 90.0,
      "p95": 90.0,
      "max": 90.0
    },
    "skewness": {
      "min": 0.0,
      "p05": 0.0,
      "median": 0.0,
      "mean": 0.0,
      "p95": 0.0,
      "max": 0.0
    },
    "planarity": {
      "min": 0.0,
      "p05": 0.0,
      "median": 0.0,
      "mean": 0.0,
      "p95": 0.0,
      "max": 0.0
    },
    "jacobian": {
      "min": 1.0,
      "p05": 1.0,
      "median": 1.0,
      "mean": 1.0,
      "p95": 1.0,
      "max": 1.0
    },
    "n_sliver_quads": 0,
    "n_sliver_tris": 0,
    "n_nonplanar_quads": 0,
    "n_inverted_quads": 0
  },
  "after_stitch": {
    "label": "after_stitch",
    "n_vertices": 2941,
    "n_quads": 2804,
    "n_tris": 0,
    "n_free_edges": 380,
    "n_nonmanifold_edges": 0,
    "n_t_junctions": 78,
    "n_duplicate_verts": 30,
    "n_orphan_verts": 30,
    "n_components": 1,
    "mean_edge_length": 5.331955594279311,
    "edge_length_cv": 0.3933064330516729,
    "aspect_ratio": {
      "min": 1.0,
      "p05": 1.0439189189189113,
      "median": 1.144444444444434,
      "mean": 1.3258432198313694,
      "p95": 2.189542483660158,
      "max": 3.882290987444699
    },
    "min_angle": {
      "min": 24.134473094948024,
      "p05": 90.0,
      "median": 90.0,
      "mean": 89.83977658975721,
      "p95": 90.0,
      "max": 90.0
    },
    "max_angle": {
      "min": 76.81031784454736,
      "p05": 90.0,
      "median": 90.0,
      "mean": 90.07072782814294,
      "p95": 90.0,
      "max": 112.95309855160406
    },
    "skewness": {
      "min": 0.0,
      "p05": 0.0,
      "median": 0.0,
      "mean": 0.0017802601138087913,
      "p95": 0.0,
      "max": 0.7318391878339109
    },
    "planarity": {
      "min": 0.0,
      "p05": 0.0,
      "median": 0.0,
      "mean": 0.001200301059691838,
      "p95": 0.0,
      "max": 0.7729903406541093
    },
    "jacobian": {
      "min": -0.9736200085935495,
      "p05": 1.0,
      "median": 1.0,
      "mean": 0.9981318762307769,
      "p95": 1.0,
      "max": 1.0
    },
    "n_sliver_quads": 0,
    "n_sliver_tris": 0,
    "n_nonplanar_quads": 14,
    "n_inverted_quads": 2
  },
  "parse": {
    "n_panels": 5,
    "n_fold_lines": 4
  }
}