{
  "case": "branching_tree",
  "resolution": 2.0,
  "before_stitch": {
    "label": "before_stitch",
    "n_vertices": 44631,
    "n_quads": 44054,
    "n_tris": 0,
    "n_free_edges": 1758,
    "n_nonmanifold_edges": 0,
    "n_t_junctions": 72,
    "n_duplicate_verts": 1,
    "n_orphan_verts": 0,
    "n_components": 1,
    "mean_edge_length": 1.3735385046617126,
    "edge_length_cv": 0.6651909922330568,
    "aspect_ratio": {
      "min": 1.0000043525097675,
      "p05": 1.0021882700837792,
      "median": 1.022988505755849,
      "mean": 266.8684529922516,
      "p95": 1057.2586206896926,
      "max": 15886.500001206587
    },
    "min_angle": {
      "min": 89.99999999999919,
      "p05": 90.0,
      "median": 90.0,
      "mean": 90.0,
      "p95": 90.0,
      "max": 90.0
    },
    "max_angle": {
      "min": 90.0,
      "p05": 90.0,
      "median": 90.0,
      "mean": 90.0,
      "p95": 90.0,
      "max": 90.00000000000081
    },
    "skewness": {
      "min": 0.0,
      "p05": 0.0,
      "median": 0.0,
      "mean": 1.2257967021784087e-18,
      "p95": 0.0,
      "max": 9.000207986294602e-15
    },
    "planarity": {
      "min": 0.0,
      "p05": 0.0,
      "median": 0.0,
      "mean": 0.0,
      "p95": 0.0,
      "max": 0.0
    },
    "jacobian": {
      "min": 1.0,
      "p05": 1.0,
      "median": 1.0,
      "mean": 1.0,
      "p95": 1.0,
      "max": 1.0
    },
    "n_sliver_quads": 17978,
    "n_sliver_tris": 0,
    "n_nonplanar_quads": 0,
    "n_inverted_quads": 0
  },
  "after_stitch": {
    "label": "after_stitch",
    "n_vertices": 44631,
    "n_quads": 44054,
    "n_tris": 0,
    "n_free_edges": 1624,
    "n_nonmanifold_edges": 0,
    "n_t_junctions": 0,
    "n_duplicate_verts": 89,
    "n_orphan_verts": 89,
    "n_components": 1,
    "mean_edge_length": 1.3746676488958969,
    "edge_length_cv": 0.6651473461287274,
    "aspect_ratio": {
      "min": 1.0000043525097675,
      "p05": 1.0021882700837792,
      "median": 1.0995250163348054,
      "mean": 266.97096719792006,
      "p95": 1057.2586206896926,
      "max": 15886.500001206587
    },
    "min_angle": {
      "min": 51.1466256596611,
      "p05": 90.0,
      "median": 90.0,
      "mean": 89.90166316815382,
      "p95": 90.0,
      "max": 90.0
    },
    "max_angle": {
      "min": 78.75342684561548,
      "p05": 90.0,
      "median": 90.0,
      "mean": 90.0391022988034,
      "p95": 90.0,
      "max": 165.40584709233394
    },
    "skewness": {
      "min": 0.0,
      "p05": 0.0,
      "median": 0.0,
      "mean": 0.0011274276209701799,
      "p95": 0.0,
      "max": 0.8378427454703772
    },
    "planarity": {
      "min": 0.0,
      "p05": 0.0,
      "median": 0.0,
      "mean": 0.0022459626896087002,
      "p95": 0.0,
      "max": 0.7649728567904192
    },
    "jacobian": {
      "min": 0.25197060122779946,
      "p05": 1.0,
      "median": 1.0,
      "mean": 0.9996612563368574,
      "p95": 1.0,
      "max": 1.0
    },
    "n_sliver_quads": 17978,
    "n_sliver_tris": 0,
    "n_nonplanar_quads": 168,
    "n_inverted_quads": 0
  },
  "parse": {
    "n_panels": 5,
    "n_fold_lines": 4
  }
}