{
  "case": "l_shape",
  "resolution": 4.0,
  "before_stitch": {
    "label": "before_stitch",
    "n_vertices": 1620,
    "n_quads": 1534,
    "n_tris": 0,
    "n_free_edges": 170,
    "n_nonmanifold_edges": 0,
    "n_t_junctions": 0,
    "n_duplicate_verts": 0,
    "n_orphan_verts": 0,
    "n_components": 1,
    "mean_edge_length": 3.955280685061846,
    "edge_length_cv": 0.009119536554944265,
    "aspect_ratio": {
      "min": 1.0097087378640726,
      "p05": 1.0097087378640726,
      "median": 1.0157790927021586,
      "mean": 1.0127953589681924,
      "p95": 1.0157790927021806,
      "max": 1.0157790927021806
    },
    "min_angle": {
      "min": 90.0,
      "p05": 90.0,
      "median": 90.0,
      "mean": 90.0,
      "p95": 90.0,
      "max": 90.0
    },
    "max_angle": {
      "min": 90.0,
      "p05": 90.0,
      "median": 90.0,
      "mean": 90.0,
      "p95": 90.0,
      "max": 90.0
    },
    "skewness": {
      "min": 0.0,
      "p05": 0.0,
      "median": 0.0,
      "mean": 0.0,
      "p95": 0.0,
      "max": 0.0
    },
    "planarity": {
      "min": 0.0,
      "p05": 0.0,
      "median": 0.0,
      "mean": 0.0,
      "p95": 0.0,
      "max": 0.0
    },
    "jacobian": {
      "min": 1.0,
      "p05": 1.0,
      "median": 1.0,
      "mean": 1.0,
      "p95": 1.0,
      "max": 1.0
    },
    "n_sliver_quads": 0,
    "n_sliver_tris": 0,
    "n_nonplanar_quads": 0,
    "n_inverted_quads": 0
  },
  "after_stitch": {
    "label": "after_stitch",
    "n_vertices": 1620,
    "n_quads": 1534,
    "n_tris": 0,
    "n_free_edges": 166,
    "n_nonmanifold_edges": 0,
    "n_t_junctions": 0,
    "n_duplicate_verts": 2,
    "n_orphan_verts": 2,
    "n_components": 1,
    "mean_edge_length": 3.9585884921726473,
    "edge_length_cv": 0.025028074687806406,
    "aspect_ratio": {
      "min": 1.0097087378640726,
      "p05": 1.0097087378640726,
      "median": 1.0157790927021586,
      "mean": 1.0161818944960204,
      "p95": 1.0157790927021806,
      "max": 1.7353326191917335
    },
    "min_angle": {
      "min": 58.88625562538113,
      "p05": 90.0,
      "median": 90.0,
      "mean": 89.85639820523475,
      "p95": 90.0,
      "max": 90.0
    },
    "max_angle": {
      "min": 90.0,
      "p05": 90.0,
      "median": 90.0,
      "mean": 90.0637878485132,
      "p95": 90.0,
      "max": 114.3683366192687
    },
    "skewness": {
      "min": 0.0,
      "p05": 0.0,
      "median": 0.0,
      "mean": 0.0015955754973914365,
      "p95": 0.0,
      "max": 0.34570827082909855
    },
    "planarity": {
      "min": 0.0,
      "p05": 0.0,
      "median": 0.0,
      "mean": 0.0023266193362491746,
      "p95": 0.0,
      "max": 0.7159023510311338
    },
    "jacobian": {
      "min": 0.8561431515785339,
      "p05": 1.0,
      "median": 1.0,
      "mean": 0.9994006273953175,
      "p95": 1.0,
      "max": 1.0
    },
    "n_sliver_quads": 0,
    "n_sliver_tris": 0,
    "n_nonplanar_quads": 8,
    "n_inverted_quads": 0
  },
  "parse": {
    "n_panels": 2,
    "n_fold_lines": 1
  }
}