{
  "case": "nearly_aligned_free_edges",
  "resolution": 4.0,
  "before_stitch": {
    "label": "before_stitch",
    "n_vertices": 3362,
    "n_quads": 3240,
    "n_tris": 0,
    "n_free_edges": 242,
    "n_nonmanifold_edges": 0,
    "n_t_junctions": 0,
    "n_duplicate_verts": 0,
    "n_orphan_verts": 0,
    "n_components": 1,
    "mean_edge_length": 4.024844720496894,
    "edge_length_cv": 0.01073612785859635,
    "aspect_ratio": {
      "min": 1.0,
      "p05": 1.0,
      "median": 1.0,
      "mean": 1.0123456790123457,
      "p95": 1.0250000000000057,
      "max": 1.0250000000000057
    },
    "min_angle": {
      "min": 90.0,
      "p05": 90.0,
      "median": 90.0,
      "mean": 90.0,
      "p95": 90.0,
      "max": 90.0
    },
    "max_angle": {
      "min": 90.0,
      "p05": 90.0,
      "median": 90.0,
      "mean": 90.0,
      "p95": 90.0,
      "max": 90.0
    },
    "skewness": {
      "min": 0.0,
      "p05": 0.0,
      "median": 0.0,
      "mean": 0.0,
      "p95": 0.0,
      "max": 0.0
    },
    "planarity": {
      "min": 0.0,
      "p05": 0.0,
      "median": 0.0,
      "mean": 0.0,
      "p95": 0.0,
      "max": 0.0
    },
    "jacobian": {
      "min": 1.0,
      "p05": 1.0,
      "median": 1.0,
      "mean": 1.0,
      "p95": 1.0,
      "max": 1.0
    },
    "n_sliver_quads": 0,
    "n_sliver_tris": 0,
    "n_nonplanar_quads": 0,
    "n_inverted_quads": 0
  },
  "after_stitch": {
    "label": "after_stitch",
    "n_vertices": 3358,
    "n_quads": 3240,
    "n_tris": 0,
    "n_free_edges": 234,
    "n_nonmanifold_edges": 0,
    "n_t_junctions": 0,
    "n_duplicate_verts": 0,
    "n_orphan_verts": 0,
    "n_components": 1,
    "mean_edge_length": 4.028079905351395,
    "edge_length_cv": 0.025445187495790736,
    "aspect_ratio": {
      "min": 1.0,
      "p05": 1.0,
      "median": 1.0,
      "mean": 1.01553996363666,
      "p95": 1.0250000000000057,
      "max": 1.71773828318207
    },
    "min_angle": {
      "min": 58.53360568753996,
      "p05": 90.0,
      "median": 90.0,
      "mean": 89.86250100085007,
      "p95": 90.0,
      "max": 90.0
    },
    "max_angle": {
      "min": 90.0,
      "p05": 90.0,
      "median": 90.0,
      "mean": 90.0610338197564,
      "p95": 90.0,
      "max": 114.62643417704254
    },
    "skewness": {
      "min": 0.0,
      "p05": 0.0,
      "median": 0.0,
      "mean": 0.001527766657221313,
      "p95": 0.0,
      "max": 0.3496266034717782
    },
    "planarity": {
      "min": 0.0,
      "p05": 0.0,
      "median": 0.0,
      "mean": 0.0022141624836113493,
      "p95": 0.0,
      "max": 0.7255954297056254
    },
    "jacobian": {
      "min": 0.852946478703308,
      "p05": 1.0,
      "median": 1.0,
      "mean": 0.9994199247334214,
      "p95": 1.0,
      "max": 1.0
    },
    "n_sliver_quads": 0,
    "n_sliver_tris": 0,
    "n_nonplanar_quads": 16,
    "n_inverted_quads": 0
  },
  "parse": {
    "n_panels": 3,
    "n_fold_lines": 2
  }
}