{
  "case": "box_unfolding",
  "resolution": 4.0,
  "before_stitch": {
    "label": "before_stitch",
    "n_vertices": 7321,
    "n_quads": 7080,
    "n_tris": 0,
    "n_free_edges": 712,
    "n_nonmanifold_edges": 0,
    "n_t_junctions": 116,
    "n_duplicate_verts": 0,
    "n_orphan_verts": 0,
    "n_components": 1,
    "mean_edge_length": 2.949710664094792,
    "edge_length_cv": 0.33052951592265023,
    "aspect_ratio": {
      "min": 1.0,
      "p05": 1.0011507479862007,
      "median": 1.0151869158878346,
      "mean": 1.0112137134944261,
      "p95": 1.0167992926613727,
      "max": 1.0169491525423866
    },
    "min_angle": {
      "min": 90.0,
      "p05": 90.0,
      "median": 90.0,
      "mean": 90.0,
      "p95": 90.0,
      "max": 90.0
    },
    "max_angle": {
      "min": 90.0,
      "p05": 90.0,
      "median": 90.0,
      "mean": 90.0,
      "p95": 90.0,
      "max": 90.0
    },
    "skewness": {
      "min": 0.0,
      "p05": 0.0,
      "median": 0.0,
      "mean": 0.0,
      "p95": 0.0,
      "max": 0.0
    },
    "planarity": {
      "min": 0.0,
      "p05": 0.0,
      "median": 0.0,
      "mean": 0.0,
      "p95": 0.0,
      "max": 0.0
    },
    "jacobian": {
      "min": 1.0,
      "p05": 1.0,
      "median": 1.0,
      "mean": 1.0,
      "p95": 1.0,
      "max": 1.0
    },
    "n_sliver_quads": 0,
    "n_sliver_tris": 0,
    "n_nonplanar_quads": 0,
    "n_inverted_quads": 0
  },
  "after_stitch": {
    "label": "after_stitch",
    "n_vertices": 7321,
    "n_quads": 7080,
    "n_tris": 0,
    "n_free_edges": 480,
    "n_nonmanifold_edges": 0,
    "n_t_junctions": 116,
    "n_duplicate_verts": 120,
    "n_orphan_verts": 120,
    "n_components": 1,
    "mean_edge_length": 2.9605218352775156,
    "edge_length_cv": 0.3392130590562952,
    "aspect_ratio": {
      "min": 1.0,
      "p05": 1.0011507479862007,
      "median": 1.0151869158878346,
      "mean": 1.0207721112336667,
      "p95": 1.01679929266138,
      "max": 1.2987720259689721
    },
    "min_angle": {
      "min": 73.50709776264627,
      "p05": 90.0,
      "median": 90.0,
      "mean": 89.98136395227418,
      "p95": 90.0,
      "max": 90.0
    },
    "max_angle": {
      "min": 90.0,
      "p05": 90.0,
      "median": 90.0,
      "mean": 90.015761130036,
      "p95": 90.0,
      "max": 103.94860008185923
    },
    "skewness": {
      "min": 0.0,
      "p05": 0.0,
      "median": 0.0,
      "mean": 0.00020706719695361576,
      "p95": 0.0,
      "max": 0.18325446930393036
    },
    "planarity": {
      "min": 0.0,
      "p05": 0.0,
      "median": 0.0,
      "mean": 0.0002328224047555525,
      "p95": 0.0,
      "max": 0.23420270760901143
    },
    "jacobian": {
      "min": 0.9588549111409924,
      "p05": 1.0,
      "median": 1.0,
      "mean": 0.9999535083741706,
      "p95": 1.0,
      "max": 1.0
    },
    "n_sliver_quads": 0,
    "n_sliver_tris": 0,
    "n_nonplanar_quads": 8,
    "n_inverted_quads": 0
  },
  "parse": {
    "n_panels": 5,
    "n_fold_lines": 4
  }
}