{
  "case": "t_shape_nonrect",
  "resolution": 8.0,
  "before_stitch": {
    "label": "before_stitch",
    "n_vertices": 1012,
    "n_quads": 946,
    "n_tris": 0,
    "n_free_edges": 130,
    "n_nonmanifold_edges": 0,
    "n_t_junctions": 0,
    "n_duplicate_verts": 0,
    "n_orphan_verts": 0,
    "n_components": 1,
    "mean_edge_length": 7.921819110884006,
    "edge_length_cv": 0.019409417077172933,
    "aspect_ratio": {
      "min": 1.003059975520185,
      "p05": 1.0030599755201923,
      "median": 1.0445736434108481,
      "mean": 1.0262303948080043,
      "p95": 1.044573643410856,
      "max": 1.0445736434108635
    },
    "min_angle": {
      "min": 90.0,
      "p05": 90.0,
      "median": 90.0,
      "mean": 90.0,
      "p95": 90.0,
      "max": 90.0
    },
    "max_angle": {
      "min": 90.0,
      "p05": 90.0,
      "median": 90.0,
      "mean": 90.0,
      "p95": 90.0,
      "max": 90.0
    },
    "skewness": {
      "min": 0.0,
      "p05": 0.0,
      "median": 0.0,
      "mean": 0.0,
      "p95": 0.0,
      "max": 0.0
    },
    "planarity": {
      "min": 0.0,
      "p05": 0.0,
      "median": 0.0,
      "mean": 0.0,
      "p95": 0.0,
      "max": 0.0
    },
    "jacobian": {
      "min": 1.0,
      "p05": 1.0,
      "median": 1.0,
      "mean": 1.0,
      "p95": 1.0,
      "max": 1.0
    },
    "n_sliver_quads": 0,
    "n_sliver_tris": 0,
    "n_nonplanar_quads": 0,
    "n_inverted_quads": 0
  },
  "after_stitch": {
    "label": "after_stitch",
    "n_vertices": 1008,
    "n_quads": 946,
    "n_tris": 0,
    "n_free_edges": 122,
    "n_nonmanifold_edges": 0,
    "n_t_junctions": 0,
    "n_duplicate_verts": 0,
    "n_orphan_verts": 0,
    "n_components": 1,
    "mean_edge_length": 7.943423099127759,
    "edge_length_cv": 0.04670913141215508,
    "aspect_ratio": {
      "min": 1.003059975520185,
      "p05": 1.0030599755201923,
      "median": 1.0445736434108484,
      "mean": 1.0370240343969386,
      "p95": 1.044573643410856,
      "max": 1.7050651924433082
    },
    "min_angle": {
      "min": 58.215224878123,
      "p05": 90.0,
      "median": 90.0,
      "mean": 89.52525536665544,
      "p95": 90.0,
      "max": 90.0
    },
    "max_angle": {
      "min": 90.0,
      "p05": 90.0,
      "median": 90.0,
      "mean": 90.21292034452378,
      "p95": 90.0,
      "max": 115.02605810909631
    },
    "skewness": {
      "min": 0.0,
      "p05": 0.0,
      "median": 0.0,
      "mean": 0.005274940370494953,
      "p95": 0.0,
      "max": 0.35316416802085554
    },
    "planarity": {
      "min": 0.0,
      "p05": 0.0,
      "median": 0.0,
      "mean": 0.007609272526624857,
      "p95": 0.0,
      "max": 0.7304797610749273
    },
    "jacobian": {
      "min": 0.8500326879143281,
      "p05": 1.0,
      "median": 1.0,
      "mean": 0.9979812919181,
      "p95": 1.0,
      "max": 1.0
    },
    "n_sliver_quads": 0,
    "n_sliver_tris": 0,
    "n_nonplanar_quads": 16,
    "n_inverted_quads": 0
  },
  "parse": {
    "n_panels": 3,
    "n_fold_lines": 2
  }
}