{
  "case": "h_shape",
  "resolution": 4.0,
  "before_stitch": {
    "label": "before_stitch",
    "n_vertices": 5171,
    "n_quads": 4916,
    "n_tris": 0,
    "n_free_edges": 508,
    "n_nonmanifold_edges": 0,
    "n_t_junctions": 0,
    "n_duplicate_verts": 0,
    "n_orphan_verts": 0,
    "n_components": 1,
    "mean_edge_length": 3.981162006742019,
    "edge_length_cv": 0.0070881849768418175,
    "aspect_ratio": {
      "min": 1.0,
      "p05": 1.0120481927710816,
      "median": 1.0147398103050453,
      "mean": 1.0141019733939827,
      "p95": 1.01473981030506,
      "max": 1.0147398103050886
    },
    "min_angle": {
      "min": 90.0,
      "p05": 90.0,
      "median": 90.0,
      "mean": 90.0,
      "p95": 90.0,
      "max": 90.0
    },
    "max_angle": {
      "min": 90.0,
      "p05": 90.0,
      "median": 90.0,
      "mean": 90.0,
      "p95": 90.0,
      "max": 90.0
    },
    "skewness": {
      "min": 0.0,
      "p05": 0.0,
      "median": 0.0,
      "mean": 0.0,
      "p95": 0.0,
      "max": 0.0
    },
    "planarity": {
      "min": 0.0,
      "p05": 0.0,
      "median": 0.0,
      "mean": 1.4453676480067208e-18,
      "p95": 1.2383194119427735e-32,
      "max": 7.105427357601002e-15
    },
    "jacobian": {
      "min": 1.0,
      "p05": 1.0,
      "median": 1.0,
      "mean": 1.0,
      "p95": 1.0,
      "max": 1.0
    },
    "n_sliver_quads": 0,
    "n_sliver_tris": 0,
    "n_nonplanar_quads": 0,
    "n_inverted_quads": 0
  },
  "after_stitch": {
    "label": "after_stitch",
    "n_vertices": 5163,
    "n_quads": 4916,
    "n_tris": 0,
    "n_free_edges": 494,
    "n_nonmanifold_edges": 2,
    "n_t_junctions": 0,
    "n_duplicate_verts": 0,
    "n_orphan_verts": 0,
    "n_components": 1,
    "mean_edge_length": 3.9861960580369065,
    "edge_length_cv": 0.028449382161743565,
    "aspect_ratio": {
      "min": 1.0,
      "p05": 1.0120481927710816,
      "median": 1.0147398103050453,
      "mean": 1.0176692570553318,
      "p95": 1.01473981030506,
      "max": 2.2177510428754954
    },
    "min_angle": {
      "min": 52.99231410088314,
      "p05": 90.0,
      "median": 90.0,
      "mean": 89.83867019736718,
      "p95": 90.0,
      "max": 90.0
    },
    "max_angle": {
      "min": 65.91652239411755,
      "p05": 90.0,
      "median": 90.0,
      "mean": 90.08577395058353,
      "p95": 90.0,
      "max": 134.92391003209315
    },
    "skewness": {
      "min": 0.0,
      "p05": 0.0,
      "median": 0.0,
      "mean": 0.0018767154755151953,
      "p95": 0.0,
      "max": 0.4991545559121461
    },
    "planarity": {
      "min": 0.0,
      "p05": 0.0,
      "median": 0.0,
      "mean": 0.0015216631080274881,
      "p95": 1.2383194119427735e-32,
      "max": 0.8051032116893263
    },
    "jacobian": {
      "min": -0.9129518896043682,
      "p05": 1.0,
      "median": 1.0,
      "mean": 0.998470492907557,
      "p95": 1.0,
      "max": 1.0
    },
    "n_sliver_quads": 0,
    "n_sliver_tris": 0,
    "n_nonplanar_quads": 16,
    "n_inverted_quads": 2
  },
  "parse": {
    "n_panels": 5,
    "n_fold_lines": 4
  }
}