{
  "case": "staircase",
  "resolution": 2.0,
  "before_stitch": {
    "label": "before_stitch",
    "n_vertices": 14871,
    "n_quads": 14566,
    "n_tris": 0,
    "n_free_edges": 612,
    "n_nonmanifold_edges": 0,
    "n_t_junctions": 0,
    "n_duplicate_verts": 0,
    "n_orphan_verts": 0,
    "n_components": 1,
    "mean_edge_length": 1.9923510428116769,
    "edge_length_cv": 0.01400349329003522,
    "aspect_ratio": {
      "min": 1.0,
      "p05": 1.0,
      "median": 1.0139860139860108,
      "mean": 1.0095834523727991,
      "p95": 1.0194174757281598,
      "max": 2.2490978072032144
    },
    "min_angle": {
      "min": 39.186473450197134,
      "p05": 90.0,
      "median": 90.0,
      "mean": 89.99303842345698,
      "p95": 90.0,
      "max": 90.0
    },
    "max_angle": {
      "min": 90.0,
      "p05": 90.0,
      "median": 90.0,
      "mean": 90.00483310671916,
      "p95": 90.0,
      "max": 125.26438968274876
    },
    "skewness": {
      "min": 0.0,
      "p05": 0.0,
      "median": 0.0,
      "mean": 7.735085047800261e-05,
      "p95": 0.0,
      "max": 0.564594739442254
    },
    "planarity": {
      "min": 0.0,
      "p05": 0.0,
      "median": 0.0,
      "mean": 5.32292445572792e-05,
      "p95": 0.0,
      "max": 0.47642648386586034
    },
    "jacobian": {
      "min": 0.6318463339650101,
      "p05": 1.0,
      "median": 1.0,
      "mean": 0.9999496586517899,
      "p95": 1.0,
      "max": 1.0
    },
    "n_sliver_quads": 0,
    "n_sliver_tris": 0,
    "n_nonplanar_quads": 2,
    "n_inverted_quads": 0
  },
  "after_stitch": {
    "label": "after_stitch",
    "n_vertices": 14814,
    "n_quads": 14566,
    "n_tris": 0,
    "n_free_edges": 506,
    "n_nonmanifold_edges": 0,
    "n_t_junctions": 0,
    "n_duplicate_verts": 0,
    "n_orphan_verts": 0,
    "n_components": 1,
    "mean_edge_length": 1.9969180771741402,
    "edge_length_cv": 0.03890997842889892,
    "aspect_ratio": {
      "min": 1.0,
      "p05": 1.0,
      "median": 1.0139860139860108,
      "mean": 1.0144109594228106,
      "p95": 1.0194174757281598,
      "max": 2.2274718667493323
    },
    "min_angle": {
      "min": 26.491430486799505,
      "p05": 90.0,
      "median": 90.0,
      "mean": 89.91727240670384,
      "p95": 90.0,
      "max": 90.0
    },
    "max_angle": {
      "min": 90.0,
      "p05": 90.0,
      "median": 90.0,
      "mean": 90.06857565097867,
      "p95": 90.0,
      "max": 138.24409973443673
    },
    "skewness": {
      "min": 0.0,
      "p05": 0.0,
      "median": 0.0,
      "mean": 0.0009521540415387086,
      "p95": 0.0,
      "max": 0.7056507723688944
    },
    "planarity": {
      "min": 0.0,
      "p05": 0.0,
      "median": 0.0,
      "mean": 0.0005369461732934406,
      "p95": 0.0,
      "max": 0.7221736169382112
    },
    "jacobian": {
      "min": -0.9999999999999998,
      "p05": 1.0,
      "median": 1.0,
      "mean": 0.9995264850630942,
      "p95": 1.0,
      "max": 1.0
    },
    "n_sliver_quads": 0,
    "n_sliver_tris": 0,
    "n_nonplanar_quads": 19,
    "n_inverted_quads": 2
  },
  "parse": {
    "n_panels": 4,
    "n_fold_lines": 3
  }
}