{
  "case": "staircase",
  "resolution": 8.0,
  "before_stitch": {
    "label": "before_stitch",
    "n_vertices": 2391,
    "n_quads": 2252,
    "n_tris": 0,
    "n_free_edges": 364,
    "n_nonmanifold_edges": 0,
    "n_t_junctions": 56,
    "n_duplicate_verts": 0,
    "n_orphan_verts": 0,
    "n_components": 1,
    "mean_edge_length": 4.814340588988476,
    "edge_length_cv": 0.4834147443817052,
    "aspect_ratio": {
      "min": 1.0,
      "p05": 1.0409961685823728,
      "median": 1.4049587459489312,
      "mean": 2.266299555420441,
      "p95": 6.779014615488033,
      "max": 23.971962616822836
    },
    "min_angle": {
      "min": 89.99999999999616,
      "p05": 90.0,
      "median": 90.0,
      "mean": 89.99999999999999,
      "p95": 90.0,
      "max": 90.0
    },
    "max_angle": {
      "min": 90.0,
      "p05": 90.0,
      "median": 90.0,
      "mean": 90.00000000000001,
      "p95": 90.0,
      "max": 90.00000000000385
    },
    "skewness": {
      "min": 0.0,
      "p05": 0.0,
      "median": 0.0,
      "mean": 1.4822255214099582e-16,
      "p95": 0.0,
      "max": 4.279046253133048e-14
    },
    "planarity": {
      "min": 0.0,
      "p05": 0.0,
      "median": 0.0,
      "mean": 1.8820823429195226e-17,
      "p95": 0.0,
      "max": 1.842804102719471e-15
    },
    "jacobian": {
      "min": 1.0,
      "p05": 1.0,
      "median": 1.0,
      "mean": 1.0,
      "p95": 1.0,
      "max": 1.0
    },
    "n_sliver_quads": 177,
    "n_sliver_tris": 0,
    "n_nonplanar_quads": 0,
    "n_inverted_quads": 0
  },
  "after_stitch": {
    "label": "after_stitch",
    "n_vertices": 2391,
    "n_quads": 2252,
    "n_tris": 0,
    "n_free_edges": 300,
    "n_nonmanifold_edges": 0,
    "n_t_junctions": 29,
    "n_duplicate_verts": 33,
    "n_orphan_verts": 33,
    "n_components": 1,
    "mean_edge_length": 4.838227178794209,
    "edge_length_cv": 0.4843412160948889,
    "aspect_ratio": {
      "min": 1.0,
      "p05": 1.0409961685823728,
      "median": 1.4260813383774849,
      "mean": 2.2832028369757302,
      "p95": 6.779014615488033,
      "max": 23.971962616822836
    },
    "min_angle": {
      "min": 29.75835265084951,
      "p05": 89.99999999999957,
      "median": 90.0,
      "mean": 88.96688305790838,
      "p95": 90.0,
      "max": 90.0
    },
    "max_angle": {
      "min": 90.0,
      "p05": 90.0,
      "median": 90.0,
      "mean": 90.95588597832896,
      "p95": 90.00000000000043,
      "max": 148.2861181458062
    },
    "skewness": {
      "min": 0.0,
      "p05": 0.0,
      "median": 0.0,
      "mean": 0.01164697078623372,
      "p95": 4.736951571734001e-15,
      "max": 0.6693516372127832
    },
    "planarity": {
      "min": 0.0,
      "p05": 0.0,
      "median": 0.0,
      "mean": 0.004215937352826258,
      "p95": 0.0,
      "max": 0.7762707487836834
    },
    "jacobian": {
      "min": 0.49634306551772955,
      "p05": 1.0,
      "median": 1.0,
      "mean": 0.9958316369420956,
      "p95": 1.0,
      "max": 1.0
    },
    "n_sliver_quads": 181,
    "n_sliver_tris": 0,
    "n_nonplanar_quads": 43,
    "n_inverted_quads": 0
  },
  "parse": {
    "n_panels": 4,
    "n_fold_lines": 3
  }
}