{
  "case": "mismatched_resolution",
  "resolution": 2.0,
  "before_stitch": {
    "label": "before_stitch",
    "n_vertices": 12463,
    "n_quads": 12220,
    "n_tris": 0,
    "n_free_edges": 484,
    "n_nonmanifold_edges": 0,
    "n_t_junctions": 0,
    "n_duplicate_verts": 0,
    "n_orphan_verts": 0,
    "n_components": 1,
    "mean_edge_length": 2.000607730329795,
    "edge_length_cv": 0.0024481095436125937,
    "aspect_ratio": {
      "min": 1.0032894736842053,
      "p05": 1.0032894736842053,
      "median": 1.0032894736842124,
      "mean": 1.0034833502392764,
      "p95": 1.003802281368832,
      "max": 1.0038022813688465
    },
    "min_angle": {
      "min": 90.0,
      "p05": 90.0,
      "median": 90.0,
      "mean": 90.0,
      "p95": 90.0,
      "max": 90.0
    },
    "max_angle": {
      "min": 90.0,
      "p05": 90.0,
      "median": 90.0,
      "mean": 90.0,
      "p95": 90.0,
      "max": 90.0
    },
    "skewness": {
      "min": 0.0,
      "p05": 0.0,
      "median": 0.0,
      "mean": 0.0,
      "p95": 0.0,
      "max": 0.0
    },
    "planarity": {
      "min": 0.0,
      "p05": 0.0,
      "median": 0.0,
      "mean": 0.0,
      "p95": 0.0,
      "max": 0.0
    },
    "jacobian": {
      "min": 1.0,
      "p05": 1.0,
      "median": 1.0,
      "mean": 1.0,
      "p95": 1.0,
      "max": 1.0
    },
    "n_sliver_quads": 0,
    "n_sliver_tris": 0,
    "n_nonplanar_quads": 0,
    "n_inverted_quads": 0
  },
  "after_stitch": {
    "label": "after_stitch",
    "n_vertices": 12461,
    "n_quads": 12220,
    "n_tris": 0,
    "n_free_edges": 480,
    "n_nonmanifold_edges": 0,
    "n_t_junctions": 0,
    "n_duplicate_verts": 0,
    "n_orphan_verts": 0,
    "n_components": 1,
    "mean_edge_length": 2.0008790192052612,
    "edge_length_cv": 0.009923312929614734,
    "aspect_ratio": {
      "min": 1.0032894736842053,
      "p05": 1.0032894736842053,
      "median": 1.0032894736842124,
      "mean": 1.0039956936695271,
      "p95": 1.003802281368832,
      "max": 2.239459803389263
    },
    "min_angle": {
      "min": 53.12990430496922,
      "p05": 90.0,
      "median": 90.0,
      "mean": 89.98058124170879,
      "p95": 90.0,
      "max": 90.0
    },
    "max_angle": {
      "min": 90.0,
      "p05": 90.0,
      "median": 90.0,
      "mean": 90.01436807060566,
      "p95": 90.0,
      "max": 135.10872051372948
    },
    "skewness": {
      "min": 0.0,
      "p05": 0.0,
      "median": 0.0,
      "mean": 0.0002491697190365255,
      "p95": 0.0,
      "max": 0.5012080057081053
    },
    "planarity": {
      "min": 0.0,
      "p05": 0.0,
      "median": 0.0,
      "mean": 0.00014861084464617706,
      "p95": 0.0,
      "max": 0.7172905743008289
    },
    "jacobian": {
      "min": 0.7057637519917449,
      "p05": 1.0,
      "median": 1.0,
      "mean": 0.999881541980595,
      "p95": 1.0,
      "max": 1.0
    },
    "n_sliver_quads": 0,
    "n_sliver_tris": 0,
    "n_nonplanar_quads": 4,
    "n_inverted_quads": 0
  },
  "parse": {
    "n_panels": 2,
    "n_fold_lines": 1
  }
}