{
  "case": "h_shape",
  "resolution": 2.0,
  "before_stitch": {
    "label": "before_stitch",
    "n_vertices": 20173,
    "n_quads": 19664,
    "n_tris": 0,
    "n_free_edges": 1016,
    "n_nonmanifold_edges": 0,
    "n_t_junctions": 0,
    "n_duplicate_verts": 0,
    "n_orphan_verts": 0,
    "n_components": 1,
    "mean_edge_length": 1.990460889647555,
    "edge_length_cv": 0.007087375800893596,
    "aspect_ratio": {
      "min": 1.0,
      "p05": 1.0120481927710816,
      "median": 1.0147398103050453,
      "mean": 1.0141019733939827,
      "p95": 1.0147398103050742,
      "max": 1.0147398103051177
    },
    "min_angle": {
      "min": 90.0,
      "p05": 90.0,
      "median": 90.0,
      "mean": 90.0,
      "p95": 90.0,
      "max": 90.0
    },
    "max_angle": {
      "min": 90.0,
      "p05": 90.0,
      "median": 90.0,
      "mean": 90.0,
      "p95": 90.0,
      "max": 90.0
    },
    "skewness": {
      "min": 0.0,
      "p05": 0.0,
      "median": 0.0,
      "mean": 0.0,
      "p95": 0.0,
      "max": 0.0
    },
    "planarity": {
      "min": 0.0,
      "p05": 0.0,
      "median": 0.0,
      "mean": 7.226838240033611e-19,
      "p95": 1.2383194119427735e-32,
      "max": 1.4210854715202004e-14
    },
    "jacobian": {
      "min": 1.0,
      "p05": 1.0,
      "median": 1.0,
      "mean": 1.0,
      "p95": 1.0,
      "max": 1.0
    },
    "n_sliver_quads": 0,
    "n_sliver_tris": 0,
    "n_nonplanar_quads": 0,
    "n_inverted_quads": 0
  },
  "after_stitch": {
    "label": "after_stitch",
    "n_vertices": 20167,
    "n_quads": 19664,
    "n_tris": 0,
    "n_free_edges": 1004,
    "n_nonmanifold_edges": 0,
    "n_t_junctions": 0,
    "n_duplicate_verts": 0,
    "n_orphan_verts": 0,
    "n_components": 1,
    "mean_edge_length": 1.9909292055088021,
    "edge_length_cv": 0.014545775931062153,
    "aspect_ratio": {
      "min": 1.0,
      "p05": 1.0120481927710816,
      "median": 1.0147398103050453,
      "mean": 1.0149963425086252,
      "p95": 1.0147398103050742,
      "max": 2.2177510428755016
    },
    "min_angle": {
      "min": 52.992314100886055,
      "p05": 90.0,
      "median": 90.0,
      "mean": 89.96455871725583,
      "p95": 90.0,
      "max": 90.0
    },
    "max_angle": {
      "min": 90.0,
      "p05": 90.0,
      "median": 90.0,
      "mean": 90.0227811971426,
      "p95": 90.0,
      "max": 134.92391003207783
    },
    "skewness": {
      "min": 0.0,
      "p05": 0.0,
      "median": 0.0,
      "mean": 0.00043587308695504216,
      "p95": 0.0,
      "max": 0.4991545559119759
    },
    "planarity": {
      "min": 0.0,
      "p05": 0.0,
      "median": 0.0,
      "mean": 0.0003543547550841671,
      "p95": 1.2383194119427735e-32,
      "max": 0.5876545881607527
    },
    "jacobian": {
      "min": 0.708045209648502,
      "p05": 1.0,
      "median": 1.0,
      "mean": 0.9998048250199967,
      "p95": 1.0,
      "max": 1.0
    },
    "n_sliver_quads": 0,
    "n_sliver_tris": 0,
    "n_nonplanar_quads": 16,
    "n_inverted_quads": 0
  },
  "parse": {
    "n_panels": 5,
    "n_fold_lines": 4
  }
}