{
  "case": "zigzag_6",
  "resolution": 2.0,
  "before_stitch": {
    "label": "before_stitch",
    "n_vertices": 13571,
    "n_quads": 13248,
    "n_tris": 0,
    "n_free_edges": 648,
    "n_nonmanifold_edges": 0,
    "n_t_junctions": 0,
    "n_duplicate_verts": 0,
    "n_orphan_verts": 0,
    "n_components": 1,
    "mean_edge_length": 2.003864908808706,
    "edge_length_cv": 0.01187604318415026,
    "aspect_ratio": {
      "min": 1.0108695652173765,
      "p05": 1.0108695652173765,
      "median": 1.010869565217405,
      "mean": 1.0110603466581727,
      "p95": 1.0109890109890176,
      "max": 2.010989010988996
    },
    "min_angle": {
      "min": 45.0000000000051,
      "p05": 90.0,
      "median": 90.0,
      "mean": 89.99320652173913,
      "p95": 90.0,
      "max": 90.0
    },
    "max_angle": {
      "min": 90.0,
      "p05": 90.0,
      "median": 90.0,
      "mean": 90.00679347826087,
      "p95": 90.0,
      "max": 134.99999999998977
    },
    "skewness": {
      "min": 0.0,
      "p05": 0.0,
      "median": 0.0,
      "mean": 7.548309178743106e-05,
      "p95": 0.0,
      "max": 0.4999999999999433
    },
    "planarity": {
      "min": 0.0,
      "p05": 0.0,
      "median": 0.0,
      "mean": 4.759986669429632e-20,
      "p95": 0.0,
      "max": 4.211691796196518e-16
    },
    "jacobian": {
      "min": 0.7071067811865475,
      "p05": 1.0,
      "median": 1.0,
      "mean": 0.9999557830285608,
      "p95": 1.0,
      "max": 1.0
    },
    "n_sliver_quads": 0,
    "n_sliver_tris": 0,
    "n_nonplanar_quads": 0,
    "n_inverted_quads": 0
  },
  "after_stitch": {
    "label": "after_stitch",
    "n_vertices": 13561,
    "n_quads": 13248,
    "n_tris": 0,
    "n_free_edges": 628,
    "n_nonmanifold_edges": 0,
    "n_t_junctions": 0,
    "n_duplicate_verts": 0,
    "n_orphan_verts": 0,
    "n_components": 1,
    "mean_edge_length": 2.00485361593484,
    "edge_length_cv": 0.021626441450373256,
    "aspect_ratio": {
      "min": 1.0108695652173765,
      "p05": 1.0108695652173765,
      "median": 1.010869565217405,
      "mean": 1.013019448901518,
      "p95": 1.0109890109890176,
      "max": 2.010989010988996
    },
    "min_angle": {
      "min": 45.0000000000051,
      "p05": 90.0,
      "median": 90.0,
      "mean": 89.90950031000739,
      "p95": 90.0,
      "max": 90.0
    },
    "max_angle": {
      "min": 90.0,
      "p05": 90.0,
      "median": 90.0,
      "mean": 90.04355293127415,
      "p95": 90.0,
      "max": 134.99999999998977
    },
    "skewness": {
      "min": 0.0,
      "p05": 0.0,
      "median": 0.0,
      "mean": 0.0010055521110290217,
      "p95": 0.0,
      "max": 0.4999999999999433
    },
    "planarity": {
      "min": 0.0,
      "p05": 0.0,
      "median": 0.0,
      "mean": 0.0013512517543918768,
      "p95": 0.0,
      "max": 0.722951108035091
    },
    "jacobian": {
      "min": 0.7071067811865475,
      "p05": 1.0,
      "median": 1.0,
      "mean": 0.9996041257912317,
      "p95": 1.0,
      "max": 1.0
    },
    "n_sliver_quads": 0,
    "n_sliver_tris": 0,
    "n_nonplanar_quads": 40,
    "n_inverted_quads": 0
  },
  "parse": {
    "n_panels": 6,
    "n_fold_lines": 5
  }
}