{
  "case": "nearly_aligned_free_edges",
  "resolution": 8.0,
  "before_stitch": {
    "label": "before_stitch",
    "n_vertices": 861,
    "n_quads": 800,
    "n_tris": 0,
    "n_free_edges": 120,
    "n_nonmanifold_edges": 0,
    "n_t_junctions": 0,
    "n_duplicate_verts": 0,
    "n_orphan_verts": 0,
    "n_components": 1,
    "mean_edge_length": 8.101204819277108,
    "edge_length_cv": 0.012342947008474974,
    "aspect_ratio": {
      "min": 1.0249999999999915,
      "p05": 1.0249999999999981,
      "median": 1.0249999999999986,
      "mean": 1.025,
      "p95": 1.0250000000000057,
      "max": 1.0250000000000057
    },
    "min_angle": {
      "min": 90.0,
      "p05": 90.0,
      "median": 90.0,
      "mean": 90.0,
      "p95": 90.0,
      "max": 90.0
    },
    "max_angle": {
      "min": 90.0,
      "p05": 90.0,
      "median": 90.0,
      "mean": 90.0,
      "p95": 90.0,
      "max": 90.0
    },
    "skewness": {
      "min": 0.0,
      "p05": 0.0,
      "median": 0.0,
      "mean": 0.0,
      "p95": 0.0,
      "max": 0.0
    },
    "planarity": {
      "min": 0.0,
      "p05": 0.0,
      "median": 0.0,
      "mean": 0.0,
      "p95": 0.0,
      "max": 0.0
    },
    "jacobian": {
      "min": 1.0,
      "p05": 1.0,
      "median": 1.0,
      "mean": 1.0,
      "p95": 1.0,
      "max": 1.0
    },
    "n_sliver_quads": 0,
    "n_sliver_tris": 0,
    "n_nonplanar_quads": 0,
    "n_inverted_quads": 0
  },
  "after_stitch": {
    "label": "after_stitch",
    "n_vertices": 857,
    "n_quads": 800,
    "n_tris": 0,
    "n_free_edges": 112,
    "n_nonmanifold_edges": 0,
    "n_t_junctions": 0,
    "n_duplicate_verts": 0,
    "n_orphan_verts": 0,
    "n_components": 1,
    "mean_edge_length": 8.127269370078746,
    "edge_length_cv": 0.04790747952156578,
    "aspect_ratio": {
      "min": 1.0249999999999915,
      "p05": 1.0249999999999986,
      "median": 1.0249999999999986,
      "mean": 1.037746710544664,
      "p95": 1.0250000000000057,
      "max": 1.7040037536301056
    },
    "min_angle": {
      "min": 58.33866145097788,
      "p05": 90.0,
      "median": 90.0,
      "mean": 89.43821369325356,
      "p95": 90.0,
      "max": 90.0
    },
    "max_angle": {
      "min": 90.0,
      "p05": 90.0,
      "median": 90.0,
      "mean": 90.2451729212562,
      "p95": 90.0,
      "max": 114.51729212562125
    },
    "skewness": {
      "min": 0.0,
      "p05": 0.0,
      "median": 0.0,
      "mean": 0.006242070074960348,
      "p95": 0.0,
      "max": 0.3517926505446902
    },
    "planarity": {
      "min": 0.0,
      "p05": 0.0,
      "median": 0.0,
      "mean": 0.009002685105933184,
      "p95": 0.0,
      "max": 0.7275455086008802
    },
    "jacobian": {
      "min": 0.851165488006753,
      "p05": 1.0,
      "median": 1.0,
      "mean": 0.9976100156114499,
      "p95": 1.0,
      "max": 1.0
    },
    "n_sliver_quads": 0,
    "n_sliver_tris": 0,
    "n_nonplanar_quads": 16,
    "n_inverted_quads": 0
  },
  "parse": {
    "n_panels": 3,
    "n_fold_lines": 2
  }
}