{
  "case": "zigzag_4",
  "resolution": 8.0,
  "before_stitch": {
    "label": "before_stitch",
    "n_vertices": 784,
    "n_quads": 720,
    "n_tris": 0,
    "n_free_edges": 126,
    "n_nonmanifold_edges": 0,
    "n_t_junctions": 0,
    "n_duplicate_verts": 0,
    "n_orphan_verts": 0,
    "n_components": 1,
    "mean_edge_length": 7.676646706586826,
    "edge_length_cv": 0.01247471987294903,
    "aspect_ratio": {
      "min": 1.0087719298245534,
      "p05": 1.0087719298245534,
      "median": 1.0197368421052677,
      "mean": 1.0197368421052633,
      "p95": 1.030701754385971,
      "max": 1.0307017543859744
    },
    "min_angle": {
      "min": 90.0,
      "p05": 90.0,
      "median": 90.0,
      "mean": 90.0,
      "p95": 90.0,
      "max": 90.0
    },
    "max_angle": {
      "min": 90.0,
      "p05": 90.0,
      "median": 90.0,
      "mean": 90.0,
      "p95": 90.0,
      "max": 90.0
    },
    "skewness": {
      "min": 0.0,
      "p05": 0.0,
      "median": 0.0,
      "mean": 0.0,
      "p95": 0.0,
      "max": 0.0
    },
    "planarity": {
      "min": 0.0,
      "p05": 0.0,
      "median": 0.0,
      "mean": 0.0,
      "p95": 0.0,
      "max": 0.0
    },
    "jacobian": {
      "min": 1.0,
      "p05": 1.0,
      "median": 1.0,
      "mean": 1.0,
      "p95": 1.0,
      "max": 1.0
    },
    "n_sliver_quads": 0,
    "n_sliver_tris": 0,
    "n_nonplanar_quads": 0,
    "n_inverted_quads": 0
  },
  "after_stitch": {
    "label": "after_stitch",
    "n_vertices": 778,
    "n_quads": 720,
    "n_tris": 0,
    "n_free_edges": 114,
    "n_nonmanifold_edges": 0,
    "n_t_junctions": 0,
    "n_duplicate_verts": 0,
    "n_orphan_verts": 0,
    "n_components": 1,
    "mean_edge_length": 7.717624663086459,
    "edge_length_cv": 0.060884423791250995,
    "aspect_ratio": {
      "min": 1.0087719298245534,
      "p05": 1.0087719298245534,
      "median": 1.0307017543859593,
      "mean": 1.0410220591566584,
      "p95": 1.0307017543859744,
      "max": 1.7097097749182084
    },
    "min_angle": {
      "min": 58.210084913081076,
      "p05": 90.0,
      "median": 90.0,
      "mean": 89.06473085641048,
      "p95": 90.0,
      "max": 90.0
    },
    "max_angle": {
      "min": 90.0,
      "p05": 90.0,
      "median": 90.0,
      "mean": 90.41217116054145,
      "p95": 90.0,
      "max": 114.70875522468167
    },
    "skewness": {
      "min": 0.0,
      "p05": 0.0,
      "median": 0.0,
      "mean": 0.01039187937321699,
      "p95": 0.0,
      "max": 0.3532212787435436
    },
    "planarity": {
      "min": 0.0,
      "p05": 0.0,
      "median": 0.0,
      "mean": 0.014996515216835489,
      "p95": 0.0,
      "max": 0.7293771401982008
    },
    "jacobian": {
      "min": 0.8499854319127051,
      "p05": 1.0,
      "median": 1.0,
      "mean": 0.9960251825225807,
      "p95": 1.0,
      "max": 1.0
    },
    "n_sliver_quads": 0,
    "n_sliver_tris": 0,
    "n_nonplanar_quads": 24,
    "n_inverted_quads": 0
  },
  "parse": {
    "n_panels": 4,
    "n_fold_lines": 3
  }
}