{
  "case": "cross_nonrect",
  "resolution": 4.0,
  "before_stitch": {
    "label": "before_stitch",
    "n_vertices": 5102,
    "n_quads": 4921,
    "n_tris": 0,
    "n_free_edges": 372,
    "n_nonmanifold_edges": 0,
    "n_t_junctions": 0,
    "n_duplicate_verts": 0,
    "n_orphan_verts": 0,
    "n_components": 1,
    "mean_edge_length": 3.9093734861727896,
    "edge_length_cv": 0.061007056278537815,
    "aspect_ratio": {
      "min": 1.0,
      "p05": 1.0,
      "median": 1.0027548209366346,
      "mean": 1.0288024472378783,
      "p95": 1.0027548209366564,
      "max": 1.9696969696969973
    },
    "min_angle": {
      "min": 58.439599917587046,
      "p05": 90.0,
      "median": 90.0,
      "mean": 89.96151952845062,
      "p95": 90.0,
      "max": 90.0
    },
    "max_angle": {
      "min": 90.0,
      "p05": 90.0,
      "median": 90.0,
      "mean": 90.02975369625432,
      "p95": 90.0,
      "max": 114.40298987790236
    },
    "skewness": {
      "min": 0.0,
      "p05": 0.0,
      "median": 0.0,
      "mean": 0.0004275607949930614,
      "p95": 0.0,
      "max": 0.3506711120268106
    },
    "planarity": {
      "min": 0.0,
      "p05": 0.0,
      "median": 0.0,
      "mean": 0.0003854712064630466,
      "p95": 0.0,
      "max": 0.3757033623349125
    },
    "jacobian": {
      "min": 0.8520888829911503,
      "p05": 1.0,
      "median": 1.0,
      "mean": 0.9998196572440454,
      "p95": 1.0,
      "max": 1.0
    },
    "n_sliver_quads": 0,
    "n_sliver_tris": 0,
    "n_nonplanar_quads": 6,
    "n_inverted_quads": 0
  },
  "after_stitch": {
    "label": "after_stitch",
    "n_vertices": 5044,
    "n_quads": 4921,
    "n_tris": 0,
    "n_free_edges": 256,
    "n_nonmanifold_edges": 0,
    "n_t_junctions": 0,
    "n_duplicate_verts": 0,
    "n_orphan_verts": 0,
    "n_components": 1,
    "mean_edge_length": 3.9226068830391405,
    "edge_length_cv": 0.0680546128493586,
    "aspect_ratio": {
      "min": 1.0,
      "p05": 1.0,
      "median": 1.0027548209366346,
      "mean": 1.0366316746340098,
      "p95": 1.2828083922227378,
      "max": 2.4116158141643407
    },
    "min_angle": {
      "min": 39.932289306673425,
      "p05": 90.0,
      "median": 90.0,
      "mean": 89.89299664374462,
      "p95": 90.0,
      "max": 90.0
    },
    "max_angle": {
      "min": 90.0,
      "p05": 90.0,
      "median": 90.0,
      "mean": 90.07576279237269,
      "p95": 90.0,
      "max": 140.7409816754388
    },
    "skewness": {
      "min": 0.0,
      "p05": 0.0,
      "median": 0.0,
      "mean": 0.0012280458591838502,
      "p95": 0.0,
      "max": 0.5637886852826534
    },
    "planarity": {
      "min": 0.0,
      "p05": 0.0,
      "median": 0.0,
      "mean": 0.0009520254905751616,
      "p95": 0.0,
      "max": 0.7294083378906109
    },
    "jacobian": {
      "min": -1.0,
      "p05": 1.0,
      "median": 1.0,
      "mean": 0.9988000254111121,
      "p95": 1.0,
      "max": 1.0000000000000002
    },
    "n_sliver_quads": 0,
    "n_sliver_tris": 0,
    "n_nonplanar_quads": 14,
    "n_inverted_quads": 2
  },
  "parse": {
    "n_panels": 5,
    "n_fold_lines": 4
  }
}