{
  "case": "branching_tree",
  "resolution": 4.0,
  "before_stitch": {
    "label": "before_stitch",
    "n_vertices": 5858,
    "n_quads": 5631,
    "n_tris": 0,
    "n_free_edges": 460,
    "n_nonmanifold_edges": 0,
    "n_t_junctions": 83,
    "n_duplicate_verts": 0,
    "n_orphan_verts": 0,
    "n_components": 1,
    "mean_edge_length": 3.924557717269056,
    "edge_length_cv": 0.06154740668665359,
    "aspect_ratio": {
      "min": 1.0,
      "p05": 1.006779661016943,
      "median": 1.008695652173915,
      "mean": 1.0405467807870348,
      "p95": 1.0212765957446832,
      "max": 1.9888888888889085
    },
    "min_angle": {
      "min": 58.87917696339303,
      "p05": 90.0,
      "median": 90.0,
      "mean": 89.98503801715668,
      "p95": 90.0,
      "max": 90.0
    },
    "max_angle": {
      "min": 90.0,
      "p05": 90.0,
      "median": 90.0,
      "mean": 90.01371425056051,
      "p95": 90.0,
      "max": 116.56505117707638
    },
    "skewness": {
      "min": 0.0,
      "p05": 0.0,
      "median": 0.0,
      "mean": 0.00016624425381471828,
      "p95": 0.0,
      "max": 0.3457869226289664
    },
    "planarity": {
      "min": 0.0,
      "p05": 0.0,
      "median": 0.0,
      "mean": 4.458137743532453e-05,
      "p95": 0.0,
      "max": 0.25103773633828863
    },
    "jacobian": {
      "min": 0.8560793040645027,
      "p05": 1.0,
      "median": 1.0,
      "mean": 0.9999369443590951,
      "p95": 1.0,
      "max": 1.0
    },
    "n_sliver_quads": 0,
    "n_sliver_tris": 0,
    "n_nonplanar_quads": 1,
    "n_inverted_quads": 0
  },
  "after_stitch": {
    "label": "after_stitch",
    "n_vertices": 5785,
    "n_quads": 5630,
    "n_tris": 3,
    "n_free_edges": 313,
    "n_nonmanifold_edges": 0,
    "n_t_junctions": 0,
    "n_duplicate_verts": 0,
    "n_orphan_verts": 0,
    "n_components": 1,
    "mean_edge_length": 3.9312304398524898,
    "edge_length_cv": 0.0667528306613889,
    "aspect_ratio": {
      "min": 1.0,
      "p05": 1.006779661016943,
      "median": 1.008695652173915,
      "mean": 1.0453406439486421,
      "p95": 1.0212765957446832,
      "max": 2.9851897803475413
    },
    "min_angle": {
      "min": 33.80393233856911,
      "p05": 90.0,
      "median": 90.0,
      "mean": 89.58485304625498,
      "p95": 90.0,
      "max": 90.0
    },
    "max_angle": {
      "min": 70.73341048671222,
      "p05": 90.0,
      "median": 90.0,
      "mean": 90.37838860081641,
      "p95": 90.0,
      "max": 169.26351071300064
    },
    "skewness": {
      "min": 0.0,
      "p05": 0.0,
      "median": 0.0,
      "mean": 0.0049578263092700785,
      "p95": 0.0,
      "max": 0.880705674588896
    },
    "planarity": {
      "min": 0.0,
      "p05": 0.0,
      "median": 0.0,
      "mean": 0.0012454278898650039,
      "p95": 0.0,
      "max": 0.5887653012102889
    },
    "jacobian": {
      "min": 0.18629236270732608,
      "p05": 1.0,
      "median": 1.0,
      "mean": 0.998420709081892,
      "p95": 1.0,
      "max": 1.0
    },
    "n_sliver_quads": 0,
    "n_sliver_tris": 0,
    "n_nonplanar_quads": 21,
    "n_inverted_quads": 0
  },
  "parse": {
    "n_panels": 5,
    "n_fold_lines": 4
  }
}