{
  "case": "zigzag_6",
  "resolution": 8.0,
  "before_stitch": {
    "label": "before_stitch",
    "n_vertices": 949,
    "n_quads": 864,
    "n_tris": 0,
    "n_free_edges": 168,
    "n_nonmanifold_edges": 0,
    "n_t_junctions": 0,
    "n_duplicate_verts": 0,
    "n_orphan_verts": 0,
    "n_components": 1,
    "mean_edge_length": 7.842163355408388,
    "edge_length_cv": 0.020759670317411258,
    "aspect_ratio": {
      "min": 1.0322580645161252,
      "p05": 1.032258064516129,
      "median": 1.032258064516129,
      "mean": 1.039820394659104,
      "p95": 1.0549450549450654,
      "max": 1.0549450549450654
    },
    "min_angle": {
      "min": 90.0,
      "p05": 90.0,
      "median": 90.0,
      "mean": 90.0,
      "p95": 90.0,
      "max": 90.0
    },
    "max_angle": {
      "min": 90.0,
      "p05": 90.0,
      "median": 90.0,
      "mean": 90.0,
      "p95": 90.0,
      "max": 90.0
    },
    "skewness": {
      "min": 0.0,
      "p05": 0.0,
      "median": 0.0,
      "mean": 0.0,
      "p95": 0.0,
      "max": 0.0
    },
    "planarity": {
      "min": 0.0,
      "p05": 0.0,
      "median": 0.0,
      "mean": 0.0,
      "p95": 0.0,
      "max": 0.0
    },
    "jacobian": {
      "min": 1.0,
      "p05": 1.0,
      "median": 1.0,
      "mean": 1.0,
      "p95": 1.0,
      "max": 1.0
    },
    "n_sliver_quads": 0,
    "n_sliver_tris": 0,
    "n_nonplanar_quads": 0,
    "n_inverted_quads": 0
  },
  "after_stitch": {
    "label": "after_stitch",
    "n_vertices": 949,
    "n_quads": 864,
    "n_tris": 0,
    "n_free_edges": 148,
    "n_nonmanifold_edges": 0,
    "n_t_junctions": 0,
    "n_duplicate_verts": 12,
    "n_orphan_verts": 12,
    "n_components": 1,
    "mean_edge_length": 7.90085649471851,
    "edge_length_cv": 0.06932301871275011,
    "aspect_ratio": {
      "min": 1.0322580645161252,
      "p05": 1.032258064516129,
      "median": 1.032258064516129,
      "mean": 1.068697884542101,
      "p95": 1.0549450549450654,
      "max": 1.782536536301197
    },
    "min_angle": {
      "min": 59.63742690892294,
      "p05": 90.0,
      "median": 90.0,
      "mean": 88.73941038862469,
      "p95": 90.0,
      "max": 90.0
    },
    "max_angle": {
      "min": 89.99999999999986,
      "p05": 90.0,
      "median": 90.0,
      "mean": 90.57974490534623,
      "p95": 90.0,
      "max": 113.63907144268849
    },
    "skewness": {
      "min": 0.0,
      "p05": 0.0,
      "median": 0.0,
      "mean": 0.014006551237503466,
      "p95": 0.0,
      "max": 0.33736192323418956
    },
    "planarity": {
      "min": 0.0,
      "p05": 0.0,
      "median": 0.0,
      "mean": 0.02046881672806697,
      "p95": 0.0,
      "max": 0.7087747171604134
    },
    "jacobian": {
      "min": 0.8628440379534623,
      "p05": 1.0,
      "median": 1.0,
      "mean": 0.9949102764622814,
      "p95": 1.0,
      "max": 1.0
    },
    "n_sliver_quads": 0,
    "n_sliver_tris": 0,
    "n_nonplanar_quads": 40,
    "n_inverted_quads": 0
  },
  "parse": {
    "n_panels": 6,
    "n_fold_lines": 5
  }
}