{
  "case": "mixed_fold_dirs",
  "resolution": 8.0,
  "before_stitch": {
    "label": "before_stitch",
    "n_vertices": 987,
    "n_quads": 920,
    "n_tris": 0,
    "n_free_edges": 132,
    "n_nonmanifold_edges": 0,
    "n_t_junctions": 0,
    "n_duplicate_verts": 0,
    "n_orphan_verts": 0,
    "n_components": 1,
    "mean_edge_length": 8.0,
    "edge_length_cv": 0.015609732027089478,
    "aspect_ratio": {
      "min": 1.0196078431372522,
      "p05": 1.0196078431372522,
      "median": 1.0196078431372595,
      "mean": 1.0219522591645354,
      "p95": 1.0250000000000057,
      "max": 1.0250000000000057
    },
    "min_angle": {
      "min": 90.0,
      "p05": 90.0,
      "median": 90.0,
      "mean": 90.0,
      "p95": 90.0,
      "max": 90.0
    },
    "max_angle": {
      "min": 90.0,
      "p05": 90.0,
      "median": 90.0,
      "mean": 90.0,
      "p95": 90.0,
      "max": 90.0
    },
    "skewness": {
      "min": 0.0,
      "p05": 0.0,
      "median": 0.0,
      "mean": 0.0,
      "p95": 0.0,
      "max": 0.0
    },
    "planarity": {
      "min": 0.0,
      "p05": 0.0,
      "median": 0.0,
      "mean": 0.0,
      "p95": 0.0,
      "max": 0.0
    },
    "jacobian": {
      "min": 1.0,
      "p05": 1.0,
      "median": 1.0,
      "mean": 1.0,
      "p95": 1.0,
      "max": 1.0
    },
    "n_sliver_quads": 0,
    "n_sliver_tris": 0,
    "n_nonplanar_quads": 0,
    "n_inverted_quads": 0
  },
  "after_stitch": {
    "label": "after_stitch",
    "n_vertices": 983,
    "n_quads": 920,
    "n_tris": 0,
    "n_free_edges": 124,
    "n_nonmanifold_edges": 0,
    "n_t_junctions": 0,
    "n_duplicate_verts": 0,
    "n_orphan_verts": 0,
    "n_components": 1,
    "mean_edge_length": 8.022233514018481,
    "edge_length_cv": 0.04538972306100667,
    "aspect_ratio": {
      "min": 1.0196078431372522,
      "p05": 1.0196078431372522,
      "median": 1.0196078431372595,
      "mean": 1.0331257857530503,
      "p95": 1.0250000000000057,
      "max": 1.728451552243685
    },
    "min_angle": {
      "min": 58.68164969365433,
      "p05": 90.0,
      "median": 90.0,
      "mean": 89.51905263532726,
      "p95": 90.0,
      "max": 90.0
    },
    "max_angle": {
      "min": 90.0,
      "p05": 90.0,
      "median": 90.0,
      "mean": 90.21629505914562,
      "p95": 90.0,
      "max": 114.70952687269444
    },
    "skewness": {
      "min": 0.0,
      "p05": 0.0,
      "median": 0.0,
      "mean": 0.005343859607475068,
      "p95": 0.0,
      "max": 0.34798167007050745
    },
    "planarity": {
      "min": 0.0,
      "p05": 0.0,
      "median": 0.0,
      "mean": 0.007772862010519366,
      "p95": 0.0,
      "max": 0.7238092058335917
    },
    "jacobian": {
      "min": 0.8542923982306859,
      "p05": 1.0,
      "median": 1.0,
      "mean": 0.9979839328344547,
      "p95": 1.0,
      "max": 1.0
    },
    "n_sliver_quads": 0,
    "n_sliver_tris": 0,
    "n_nonplanar_quads": 16,
    "n_inverted_quads": 0
  },
  "parse": {
    "n_panels": 3,
    "n_fold_lines": 2
  }
}