{
  "case": "mismatched_resolution",
  "resolution": 4.0,
  "before_stitch": {
    "label": "before_stitch",
    "n_vertices": 3216,
    "n_quads": 3093,
    "n_tris": 0,
    "n_free_edges": 244,
    "n_nonmanifold_edges": 0,
    "n_t_junctions": 0,
    "n_duplicate_verts": 0,
    "n_orphan_verts": 0,
    "n_components": 1,
    "mean_edge_length": 3.976537729866836,
    "edge_length_cv": 0.019035208743761488,
    "aspect_ratio": {
      "min": 1.0032894736842053,
      "p05": 1.0032894736842053,
      "median": 1.0038022813688179,
      "mean": 1.0166289368404966,
      "p95": 1.0701754385964932,
      "max": 1.0701754385964932
    },
    "min_angle": {
      "min": 90.0,
      "p05": 90.0,
      "median": 90.0,
      "mean": 90.0,
      "p95": 90.0,
      "max": 90.0
    },
    "max_angle": {
      "min": 90.0,
      "p05": 90.0,
      "median": 90.0,
      "mean": 90.0,
      "p95": 90.0,
      "max": 90.0
    },
    "skewness": {
      "min": 0.0,
      "p05": 0.0,
      "median": 0.0,
      "mean": 0.0,
      "p95": 0.0,
      "max": 0.0
    },
    "planarity": {
      "min": 0.0,
      "p05": 0.0,
      "median": 0.0,
      "mean": 0.0,
      "p95": 0.0,
      "max": 0.0
    },
    "jacobian": {
      "min": 1.0,
      "p05": 1.0,
      "median": 1.0,
      "mean": 1.0,
      "p95": 1.0,
      "max": 1.0
    },
    "n_sliver_quads": 0,
    "n_sliver_tris": 0,
    "n_nonplanar_quads": 0,
    "n_inverted_quads": 0
  },
  "after_stitch": {
    "label": "after_stitch",
    "n_vertices": 3214,
    "n_quads": 3093,
    "n_tris": 0,
    "n_free_edges": 240,
    "n_nonmanifold_edges": 0,
    "n_t_junctions": 0,
    "n_duplicate_verts": 0,
    "n_orphan_verts": 0,
    "n_components": 1,
    "mean_edge_length": 3.9786063061424874,
    "edge_length_cv": 0.026263267241983235,
    "aspect_ratio": {
      "min": 1.0032894736842053,
      "p05": 1.0032894736842053,
      "median": 1.0038022813688179,
      "mean": 1.018606414588554,
      "p95": 1.0701754385964932,
      "max": 2.267467015813892
    },
    "min_angle": {
      "min": 53.85032394211709,
      "p05": 90.0,
      "median": 90.0,
      "mean": 89.92664647324585,
      "p95": 90.0,
      "max": 90.0
    },
    "max_angle": {
      "min": 90.0,
      "p05": 90.0,
      "median": 90.0,
      "mean": 90.05477059708163,
      "p95": 90.0,
      "max": 133.26089748795866
    },
    "skewness": {
      "min": 0.0,
      "p05": 0.0,
      "median": 0.0,
      "mean": 0.0009496345070364098,
      "p95": 0.0,
      "max": 0.4806766387550962
    },
    "planarity": {
      "min": 0.0,
      "p05": 0.0,
      "median": 0.0,
      "mean": 0.0005903989915992774,
      "p95": 0.0,
      "max": 0.7113513642036485
    },
    "jacobian": {
      "min": 0.728240636928652,
      "p05": 1.0,
      "median": 1.0,
      "mean": 0.999562714237035,
      "p95": 1.0,
      "max": 1.0
    },
    "n_sliver_quads": 0,
    "n_sliver_tris": 0,
    "n_nonplanar_quads": 4,
    "n_inverted_quads": 0
  },
  "parse": {
    "n_panels": 2,
    "n_fold_lines": 1
  }
}