{
  "case": "cross",
  "resolution": 2.0,
  "before_stitch": {
    "label": "before_stitch",
    "n_vertices": 22402,
    "n_quads": 22045,
    "n_tris": 0,
    "n_free_edges": 724,
    "n_nonmanifold_edges": 0,
    "n_t_junctions": 0,
    "n_duplicate_verts": 0,
    "n_orphan_verts": 0,
    "n_components": 1,
    "mean_edge_length": 2.000531301750671,
    "edge_length_cv": 0.016683587715455663,
    "aspect_ratio": {
      "min": 1.0,
      "p05": 1.0,
      "median": 1.0,
      "mean": 1.0003364213139034,
      "p95": 1.0,
      "max": 2.23606797749979
    },
    "min_angle": {
      "min": 39.23152048359679,
      "p05": 90.0,
      "median": 90.0,
      "mean": 89.98618231448862,
      "p95": 90.0,
      "max": 90.0
    },
    "max_angle": {
      "min": 90.0,
      "p05": 90.0,
      "median": 90.0,
      "mean": 90.00959792869568,
      "p95": 90.0,
      "max": 125.2643896827488
    },
    "skewness": {
      "min": 0.0,
      "p05": 0.0,
      "median": 0.0,
      "mean": 0.00015352983901535712,
      "p95": 0.0,
      "max": 0.5640942168489246
    },
    "planarity": {
      "min": 0.0,
      "p05": 0.0,
      "median": 0.0,
      "mean": 0.00010291413270616688,
      "p95": 0.0,
      "max": 0.47392272617336106
    },
    "jacobian": {
      "min": 0.6324555320336758,
      "p05": 1.0,
      "median": 1.0,
      "mean": 0.9998999652162486,
      "p95": 1.0,
      "max": 1.0
    },
    "n_sliver_quads": 0,
    "n_sliver_tris": 0,
    "n_nonplanar_quads": 6,
    "n_inverted_quads": 0
  },
  "after_stitch": {
    "label": "after_stitch",
    "n_vertices": 22300,
    "n_quads": 22045,
    "n_tris": 0,
    "n_free_edges": 528,
    "n_nonmanifold_edges": 0,
    "n_t_junctions": 0,
    "n_duplicate_verts": 0,
    "n_orphan_verts": 0,
    "n_components": 1,
    "mean_edge_length": 2.005752204358654,
    "edge_length_cv": 0.04194891075063438,
    "aspect_ratio": {
      "min": 1.0,
      "p05": 1.0,
      "median": 1.0,
      "mean": 1.0058503396046103,
      "p95": 1.0,
      "max": 2.23606797749979
    },
    "min_angle": {
      "min": 26.56505117708654,
      "p05": 90.0,
      "median": 90.0,
      "mean": 89.96090993264457,
      "p95": 90.0,
      "max": 90.0
    },
    "max_angle": {
      "min": 90.0,
      "p05": 90.0,
      "median": 90.0,
      "mean": 90.03175324036663,
      "p95": 90.0,
      "max": 138.18968510421183
    },
    "skewness": {
      "min": 0.0,
      "p05": 0.0,
      "median": 0.0,
      "mean": 0.0004766644596394013,
      "p95": 0.0,
      "max": 0.7048327646990384
    },
    "planarity": {
      "min": 0.0,
      "p05": 0.0,
      "median": 0.0,
      "mean": 0.00035560123205199306,
      "p95": 0.0,
      "max": 0.6729093121467961
    },
    "jacobian": {
      "min": -1.0,
      "p05": 1.0,
      "median": 1.0,
      "mean": 0.99963143753911,
      "p95": 1.0,
      "max": 1.0
    },
    "n_sliver_quads": 0,
    "n_sliver_tris": 0,
    "n_nonplanar_quads": 20,
    "n_inverted_quads": 2
  },
  "parse": {
    "n_panels": 5,
    "n_fold_lines": 4
  }
}