{
  "case": "t_shape",
  "resolution": 2.0,
  "before_stitch": {
    "label": "before_stitch",
    "n_vertices": 12400,
    "n_quads": 12139,
    "n_tris": 0,
    "n_free_edges": 520,
    "n_nonmanifold_edges": 0,
    "n_t_junctions": 0,
    "n_duplicate_verts": 0,
    "n_orphan_verts": 0,
    "n_components": 1,
    "mean_edge_length": 1.9867959898932268,
    "edge_length_cv": 0.0033734472884397134,
    "aspect_ratio": {
      "min": 1.0002802297883922,
      "p05": 1.0002802297884064,
      "median": 1.000280229788435,
      "mean": 1.0035300934805913,
      "p95": 1.0082644628099344,
      "max": 1.0082644628099344
    },
    "min_angle": {
      "min": 90.0,
      "p05": 90.0,
      "median": 90.0,
      "mean": 90.0,
      "p95": 90.0,
      "max": 90.0
    },
    "max_angle": {
      "min": 90.0,
      "p05": 90.0,
      "median": 90.0,
      "mean": 90.0,
      "p95": 90.0,
      "max": 90.0
    },
    "skewness": {
      "min": 0.0,
      "p05": 0.0,
      "median": 0.0,
      "mean": 0.0,
      "p95": 0.0,
      "max": 0.0
    },
    "planarity": {
      "min": 0.0,
      "p05": 0.0,
      "median": 0.0,
      "mean": 0.0,
      "p95": 0.0,
      "max": 0.0
    },
    "jacobian": {
      "min": 1.0,
      "p05": 1.0,
      "median": 1.0,
      "mean": 1.0,
      "p95": 1.0,
      "max": 1.0
    },
    "n_sliver_quads": 0,
    "n_sliver_tris": 0,
    "n_nonplanar_quads": 0,
    "n_inverted_quads": 0
  },
  "after_stitch": {
    "label": "after_stitch",
    "n_vertices": 12400,
    "n_quads": 12139,
    "n_tris": 0,
    "n_free_edges": 512,
    "n_nonmanifold_edges": 0,
    "n_t_junctions": 0,
    "n_duplicate_verts": 4,
    "n_orphan_verts": 4,
    "n_components": 1,
    "mean_edge_length": 1.9872239355920132,
    "edge_length_cv": 0.012372016631760824,
    "aspect_ratio": {
      "min": 1.0002802297883922,
      "p05": 1.0002802297884064,
      "median": 1.000280229788435,
      "mean": 1.0043911760593696,
      "p95": 1.0082644628099344,
      "max": 1.7274520447541681
    },
    "min_angle": {
      "min": 58.78743005924098,
      "p05": 90.0,
      "median": 90.0,
      "mean": 89.96352520089266,
      "p95": 90.0,
      "max": 90.0
    },
    "max_angle": {
      "min": 90.0,
      "p05": 90.0,
      "median": 90.0,
      "mean": 90.01601715218223,
      "p95": 90.0,
      "max": 114.27227219946433
    },
    "skewness": {
      "min": 0.0,
      "p05": 0.0,
      "median": 0.0,
      "mean": 0.0004052755456370602,
      "p95": 0.0,
      "max": 0.3468063326751002
    },
    "planarity": {
      "min": 0.0,
      "p05": 0.0,
      "median": 0.0,
      "mean": 0.0005894153151110292,
      "p95": 0.0,
      "max": 0.7214469493356033
    },
    "jacobian": {
      "min": 0.8552505912614151,
      "p05": 1.0,
      "median": 1.0,
      "mean": 0.9998470391613152,
      "p95": 1.0,
      "max": 1.0
    },
    "n_sliver_quads": 0,
    "n_sliver_tris": 0,
    "n_nonplanar_quads": 16,
    "n_inverted_quads": 0
  },
  "parse": {
    "n_panels": 3,
    "n_fold_lines": 2
  }
}