{
  "case": "t_shape",
  "resolution": 2.0,
  "before_stitch": {
    "label": "before_stitch",
    "n_vertices": 12276,
    "n_quads": 12017,
    "n_tris": 0,
    "n_free_edges": 516,
    "n_nonmanifold_edges": 0,
    "n_t_junctions": 0,
    "n_duplicate_verts": 0,
    "n_orphan_verts": 0,
    "n_components": 1,
    "mean_edge_length": 1.9969537296229212,
    "edge_length_cv": 0.007297233350073364,
    "aspect_ratio": {
      "min": 1.0082644628099056,
      "p05": 1.0082644628099056,
      "median": 1.0169563978341307,
      "mean": 1.0133825565297645,
      "p95": 1.01695639783416,
      "max": 1.01695639783416
    },
    "min_angle": {
      "min": 90.0,
      "p05": 90.0,
      "median": 90.0,
      "mean": 90.0,
      "p95": 90.0,
      "max": 90.0
    },
    "max_angle": {
      "min": 90.0,
      "p05": 90.0,
      "median": 90.0,
      "mean": 90.0,
      "p95": 90.0,
      "max": 90.0
    },
    "skewness": {
      "min": 0.0,
      "p05": 0.0,
      "median": 0.0,
      "mean": 0.0,
      "p95": 0.0,
      "max": 0.0
    },
    "planarity": {
      "min": 0.0,
      "p05": 0.0,
      "median": 0.0,
      "mean": 0.0,
      "p95": 0.0,
      "max": 0.0
    },
    "jacobian": {
      "min": 1.0,
      "p05": 1.0,
      "median": 1.0,
      "mean": 1.0,
      "p95": 1.0,
      "max": 1.0
    },
    "n_sliver_quads": 0,
    "n_sliver_tris": 0,
    "n_nonplanar_quads": 0,
    "n_inverted_quads": 0
  },
  "after_stitch": {
    "label": "after_stitch",
    "n_vertices": 12272,
    "n_quads": 12017,
    "n_tris": 0,
    "n_free_edges": 508,
    "n_nonmanifold_edges": 0,
    "n_t_junctions": 0,
    "n_duplicate_verts": 0,
    "n_orphan_verts": 0,
    "n_components": 1,
    "mean_edge_length": 1.9973896265653368,
    "edge_length_cv": 0.01406454648432306,
    "aspect_ratio": {
      "min": 1.0082644628099056,
      "p05": 1.0082644628099056,
      "median": 1.0169563978341307,
      "mean": 1.0142437049902226,
      "p95": 1.01695639783416,
      "max": 1.7176905121102397
    },
    "min_angle": {
      "min": 58.58967317152174,
      "p05": 90.0,
      "median": 90.0,
      "mean": 89.96292626636202,
      "p95": 90.0,
      "max": 90.0
    },
    "max_angle": {
      "min": 90.0,
      "p05": 90.0,
      "median": 90.0,
      "mean": 90.0162784114341,
      "p95": 90.0,
      "max": 114.42012760913752
    },
    "skewness": {
      "min": 0.0,
      "p05": 0.0,
      "median": 0.0,
      "mean": 0.0004119303737554209,
      "p95": 0.0,
      "max": 0.34900363142753626
    },
    "planarity": {
      "min": 0.0,
      "p05": 0.0,
      "median": 0.0,
      "mean": 0.00059703067641833,
      "p95": 0.0,
      "max": 0.7242947015981458
    },
    "jacobian": {
      "min": 0.8534568781163555,
      "p05": 1.0,
      "median": 1.0,
      "mean": 0.999843598922146,
      "p95": 1.0,
      "max": 1.0
    },
    "n_sliver_quads": 0,
    "n_sliver_tris": 0,
    "n_nonplanar_quads": 16,
    "n_inverted_quads": 0
  },
  "parse": {
    "n_panels": 3,
    "n_fold_lines": 2
  }
}