{
  "case": "l_shape",
  "resolution": 2.0,
  "before_stitch": {
    "label": "before_stitch",
    "n_vertices": 6201,
    "n_quads": 6032,
    "n_tris": 0,
    "n_free_edges": 336,
    "n_nonmanifold_edges": 0,
    "n_t_junctions": 0,
    "n_duplicate_verts": 0,
    "n_orphan_verts": 0,
    "n_components": 1,
    "mean_edge_length": 1.9947678221059515,
    "edge_length_cv": 0.007623778956578864,
    "aspect_ratio": {
      "min": 1.0097087378640655,
      "p05": 1.0097087378640655,
      "median": 1.0140609306996802,
      "mean": 1.0140609306996988,
      "p95": 1.018413123535324,
      "max": 1.018413123535324
    },
    "min_angle": {
      "min": 90.0,
      "p05": 90.0,
      "median": 90.0,
      "mean": 90.0,
      "p95": 90.0,
      "max": 90.0
    },
    "max_angle": {
      "min": 90.0,
      "p05": 90.0,
      "median": 90.0,
      "mean": 90.0,
      "p95": 90.0,
      "max": 90.0
    },
    "skewness": {
      "min": 0.0,
      "p05": 0.0,
      "median": 0.0,
      "mean": 0.0,
      "p95": 0.0,
      "max": 0.0
    },
    "planarity": {
      "min": 0.0,
      "p05": 0.0,
      "median": 0.0,
      "mean": 0.0,
      "p95": 0.0,
      "max": 0.0
    },
    "jacobian": {
      "min": 1.0,
      "p05": 1.0,
      "median": 1.0,
      "mean": 1.0,
      "p95": 1.0,
      "max": 1.0
    },
    "n_sliver_quads": 0,
    "n_sliver_tris": 0,
    "n_nonplanar_quads": 0,
    "n_inverted_quads": 0
  },
  "after_stitch": {
    "label": "after_stitch",
    "n_vertices": 6199,
    "n_quads": 6032,
    "n_tris": 0,
    "n_free_edges": 332,
    "n_nonmanifold_edges": 0,
    "n_t_junctions": 0,
    "n_duplicate_verts": 0,
    "n_orphan_verts": 0,
    "n_components": 1,
    "mean_edge_length": 1.995200470062516,
    "edge_length_cv": 0.014222611179022578,
    "aspect_ratio": {
      "min": 1.0097087378640655,
      "p05": 1.0097087378640655,
      "median": 1.0184131235352807,
      "mean": 1.0149172445259445,
      "p95": 1.018413123535324,
      "max": 1.716066681603986
    },
    "min_angle": {
      "min": 58.55656019552813,
      "p05": 90.0,
      "median": 90.0,
      "mean": 89.96303252752004,
      "p95": 90.0,
      "max": 90.0
    },
    "max_angle": {
      "min": 90.0,
      "p05": 90.0,
      "median": 90.0,
      "mean": 90.01623132399588,
      "p95": 90.0,
      "max": 114.44474654431068
    },
    "skewness": {
      "min": 0.0,
      "p05": 0.0,
      "median": 0.0,
      "mean": 0.0004107496942219093,
      "p95": 0.0,
      "max": 0.3493715533830208
    },
    "planarity": {
      "min": 0.0,
      "p05": 0.0,
      "median": 0.0,
      "mean": 0.0005949894455249081,
      "p95": 0.0,
      "max": 0.7247699923078446
    },
    "jacobian": {
      "min": 0.8531555393652229,
      "p05": 1.0,
      "median": 1.0,
      "mean": 0.9998438920724781,
      "p95": 1.0,
      "max": 1.0
    },
    "n_sliver_quads": 0,
    "n_sliver_tris": 0,
    "n_nonplanar_quads": 8,
    "n_inverted_quads": 0
  },
  "parse": {
    "n_panels": 2,
    "n_fold_lines": 1
  }
}