{
  "case": "mismatched_resolution",
  "resolution": 8.0,
  "before_stitch": {
    "label": "before_stitch",
    "n_vertices": 844,
    "n_quads": 782,
    "n_tris": 0,
    "n_free_edges": 122,
    "n_nonmanifold_edges": 0,
    "n_t_junctions": 0,
    "n_duplicate_verts": 0,
    "n_orphan_verts": 0,
    "n_components": 1,
    "mean_edge_length": 7.911384615384615,
    "edge_length_cv": 0.026999241885147296,
    "aspect_ratio": {
      "min": 1.0319548872180404,
      "p05": 1.0319548872180422,
      "median": 1.0566964285714275,
      "mean": 1.0484959201071733,
      "p95": 1.0701754385964912,
      "max": 1.0701754385964932
    },
    "min_angle": {
      "min": 90.0,
      "p05": 90.0,
      "median": 90.0,
      "mean": 90.0,
      "p95": 90.0,
      "max": 90.0
    },
    "max_angle": {
      "min": 90.0,
      "p05": 90.0,
      "median": 90.0,
      "mean": 90.0,
      "p95": 90.0,
      "max": 90.0
    },
    "skewness": {
      "min": 0.0,
      "p05": 0.0,
      "median": 0.0,
      "mean": 0.0,
      "p95": 0.0,
      "max": 0.0
    },
    "planarity": {
      "min": 0.0,
      "p05": 0.0,
      "median": 0.0,
      "mean": 0.0,
      "p95": 0.0,
      "max": 0.0
    },
    "jacobian": {
      "min": 1.0,
      "p05": 1.0,
      "median": 1.0,
      "mean": 1.0,
      "p95": 1.0,
      "max": 1.0
    },
    "n_sliver_quads": 0,
    "n_sliver_tris": 0,
    "n_nonplanar_quads": 0,
    "n_inverted_quads": 0
  },
  "after_stitch": {
    "label": "after_stitch",
    "n_vertices": 842,
    "n_quads": 782,
    "n_tris": 0,
    "n_free_edges": 118,
    "n_nonmanifold_edges": 0,
    "n_t_junctions": 0,
    "n_duplicate_verts": 0,
    "n_orphan_verts": 0,
    "n_components": 1,
    "mean_edge_length": 7.927527622067423,
    "edge_length_cv": 0.04542875457305369,
    "aspect_ratio": {
      "min": 1.0319548872180404,
      "p05": 1.0319548872180422,
      "median": 1.0566964285714275,
      "mean": 1.0560540618927075,
      "p95": 1.0701754385964932,
      "max": 2.1998621095571087
    },
    "min_angle": {
      "min": 53.461230206021206,
      "p05": 90.0,
      "median": 90.0,
      "mean": 89.71299944431337,
      "p95": 90.0,
      "max": 90.0
    },
    "max_angle": {
      "min": 90.0,
      "p05": 90.0,
      "median": 90.0,
      "mean": 90.21632497307047,
      "p95": 90.0,
      "max": 132.38193709100193
    },
    "skewness": {
      "min": 0.0,
      "p05": 0.0,
      "median": 0.0,
      "mean": 0.003746437719809583,
      "p95": 0.0,
      "max": 0.47091041212224366
    },
    "planarity": {
      "min": 0.0,
      "p05": 0.0,
      "median": 0.0,
      "mean": 0.002363730053940531,
      "p95": 0.0,
      "max": 0.7181908657332119
    },
    "jacobian": {
      "min": 0.7386678826318017,
      "p05": 1.0,
      "median": 1.0,
      "mean": 0.9982827197918933,
      "p95": 1.0,
      "max": 1.0
    },
    "n_sliver_quads": 0,
    "n_sliver_tris": 0,
    "n_nonplanar_quads": 4,
    "n_inverted_quads": 0
  },
  "parse": {
    "n_panels": 2,
    "n_fold_lines": 1
  }
}