{
  "case": "branching_tree",
  "resolution": 2.0,
  "before_stitch": {
    "label": "before_stitch",
    "n_vertices": 22390,
    "n_quads": 21942,
    "n_tris": 0,
    "n_free_edges": 902,
    "n_nonmanifold_edges": 0,
    "n_t_junctions": 74,
    "n_duplicate_verts": 1,
    "n_orphan_verts": 0,
    "n_components": 1,
    "mean_edge_length": 1.9879902188213567,
    "edge_length_cv": 0.01043313647186124,
    "aspect_ratio": {
      "min": 1.0,
      "p05": 1.0014972419227632,
      "median": 1.0030288226673347,
      "mean": 1.0042606139513313,
      "p95": 1.008695652173915,
      "max": 2.2477377831448555
    },
    "min_angle": {
      "min": 39.1911394430182,
      "p05": 90.0,
      "median": 90.0,
      "mean": 89.9935826788553,
      "p95": 90.0,
      "max": 90.0
    },
    "max_angle": {
      "min": 90.0,
      "p05": 90.0,
      "median": 90.0,
      "mean": 90.0057088865957,
      "p95": 90.0,
      "max": 134.9999999999898
    },
    "skewness": {
      "min": 0.0,
      "p05": 0.0,
      "median": 0.0,
      "mean": 7.130356827442654e-05,
      "p95": 0.0,
      "max": 0.5645428950775755
    },
    "planarity": {
      "min": 0.0,
      "p05": 0.0,
      "median": 0.0,
      "mean": 1.2450161745807953e-05,
      "p95": 0.0,
      "max": 0.2731814490264896
    },
    "jacobian": {
      "min": 0.6319094531252669,
      "p05": 1.0,
      "median": 1.0,
      "mean": 0.9999565273455244,
      "p95": 1.0,
      "max": 1.0
    },
    "n_sliver_quads": 0,
    "n_sliver_tris": 0,
    "n_nonplanar_quads": 1,
    "n_inverted_quads": 0
  },
  "after_stitch": {
    "label": "after_stitch",
    "n_vertices": 22252,
    "n_quads": 21876,
    "n_tris": 198,
    "n_free_edges": 634,
    "n_nonmanifold_edges": 0,
    "n_t_junctions": 72,
    "n_duplicate_verts": 0,
    "n_orphan_verts": 0,
    "n_components": 1,
    "mean_edge_length": 1.989708929738642,
    "edge_length_cv": 0.037237337364697407,
    "aspect_ratio": {
      "min": 1.0014972419227348,
      "p05": 1.0014972419227632,
      "median": 1.003028822667349,
      "mean": 1.0187230209329792,
      "p95": 1.008695652173915,
      "max": 4.997621312900668
    },
    "min_angle": {
      "min": 11.542525700505417,
      "p05": 90.0,
      "median": 90.0,
      "mean": 89.4285145950997,
      "p95": 90.0,
      "max": 90.0
    },
    "max_angle": {
      "min": 67.94356647296546,
      "p05": 90.0,
      "median": 90.0,
      "mean": 90.01253003105329,
      "p95": 90.0,
      "max": 163.07962923251296
    },
    "skewness": {
      "min": 0.0,
      "p05": 0.0,
      "median": 0.0,
      "mean": 0.005235679294999663,
      "p95": 0.0,
      "max": 0.811995880361255
    },
    "planarity": {
      "min": 0.0,
      "p05": 0.0,
      "median": 0.0,
      "mean": 0.00043260567754696636,
      "p95": 0.0,
      "max": 0.7212186850718125
    },
    "jacobian": {
      "min": -0.3296600226366333,
      "p05": 1.0,
      "median": 1.0,
      "mean": 0.9995576936220041,
      "p95": 1.0,
      "max": 1.0
    },
    "n_sliver_quads": 0,
    "n_sliver_tris": 0,
    "n_nonplanar_quads": 22,
    "n_inverted_quads": 2
  },
  "parse": {
    "n_panels": 5,
    "n_fold_lines": 4
  }
}