{
  "case": "t_shape_nonrect",
  "resolution": 4.0,
  "before_stitch": {
    "label": "before_stitch",
    "n_vertices": 3916,
    "n_quads": 3784,
    "n_tris": 0,
    "n_free_edges": 262,
    "n_nonmanifold_edges": 0,
    "n_t_junctions": 0,
    "n_duplicate_verts": 0,
    "n_orphan_verts": 0,
    "n_components": 1,
    "mean_edge_length": 3.9599948045200675,
    "edge_length_cv": 0.010043893653772128,
    "aspect_ratio": {
      "min": 1.0201342281879164,
      "p05": 1.0201342281879164,
      "median": 1.020408163265302,
      "mean": 1.0202898731182528,
      "p95": 1.0204081632653168,
      "max": 1.0204081632653168
    },
    "min_angle": {
      "min": 90.0,
      "p05": 90.0,
      "median": 90.0,
      "mean": 90.0,
      "p95": 90.0,
      "max": 90.0
    },
    "max_angle": {
      "min": 90.0,
      "p05": 90.0,
      "median": 90.0,
      "mean": 90.0,
      "p95": 90.0,
      "max": 90.0
    },
    "skewness": {
      "min": 0.0,
      "p05": 0.0,
      "median": 0.0,
      "mean": 0.0,
      "p95": 0.0,
      "max": 0.0
    },
    "planarity": {
      "min": 0.0,
      "p05": 0.0,
      "median": 0.0,
      "mean": 0.0,
      "p95": 0.0,
      "max": 0.0
    },
    "jacobian": {
      "min": 1.0,
      "p05": 1.0,
      "median": 1.0,
      "mean": 1.0,
      "p95": 1.0,
      "max": 1.0
    },
    "n_sliver_quads": 0,
    "n_sliver_tris": 0,
    "n_nonplanar_quads": 0,
    "n_inverted_quads": 0
  },
  "after_stitch": {
    "label": "after_stitch",
    "n_vertices": 3916,
    "n_quads": 3784,
    "n_tris": 0,
    "n_free_edges": 254,
    "n_nonmanifold_edges": 0,
    "n_t_junctions": 0,
    "n_duplicate_verts": 4,
    "n_orphan_verts": 4,
    "n_components": 1,
    "mean_edge_length": 3.9626881975037658,
    "edge_length_cv": 0.0230874587370931,
    "aspect_ratio": {
      "min": 1.0201342281879164,
      "p05": 1.0201342281879164,
      "median": 1.020408163265302,
      "mean": 1.0230301107741469,
      "p95": 1.0204081632653168,
      "max": 1.7555359617786734
    },
    "min_angle": {
      "min": 59.36925550713698,
      "p05": 90.0,
      "median": 90.0,
      "mean": 89.88502675114847,
      "p95": 90.0,
      "max": 90.0
    },
    "max_angle": {
      "min": 90.0,
      "p05": 90.0,
      "median": 90.0,
      "mean": 90.05022599258419,
      "p95": 90.0,
      "max": 113.75589792174286
    },
    "skewness": {
      "min": 0.0,
      "p05": 0.0,
      "median": 0.0,
      "mean": 0.0012774805427946882,
      "p95": 0.0,
      "max": 0.3403416054762558
    },
    "planarity": {
      "min": 0.0,
      "p05": 0.0,
      "median": 0.0,
      "mean": 0.0018760106342848072,
      "p95": 0.0,
      "max": 0.712702346221384
    },
    "jacobian": {
      "min": 0.8604687552289199,
      "p05": 1.0,
      "median": 1.0,
      "mean": 0.999525942212348,
      "p95": 1.0,
      "max": 1.0
    },
    "n_sliver_quads": 0,
    "n_sliver_tris": 0,
    "n_nonplanar_quads": 16,
    "n_inverted_quads": 0
  },
  "parse": {
    "n_panels": 3,
    "n_fold_lines": 2
  }
}