{
  "case": "t_shape",
  "resolution": 8.0,
  "before_stitch": {
    "label": "before_stitch",
    "n_vertices": 867,
    "n_quads": 800,
    "n_tris": 0,
    "n_free_edges": 132,
    "n_nonmanifold_edges": 0,
    "n_t_junctions": 0,
    "n_duplicate_verts": 0,
    "n_orphan_verts": 0,
    "n_components": 1,
    "mean_edge_length": 7.744897959183674,
    "edge_length_cv": 0.026761452305713043,
    "aspect_ratio": {
      "min": 1.03140495867768,
      "p05": 1.03140495867768,
      "median": 1.0314049586776874,
      "mean": 1.0472727272727271,
      "p95": 1.0710743801652922,
      "max": 1.0710743801652922
    },
    "min_angle": {
      "min": 90.0,
      "p05": 90.0,
      "median": 90.0,
      "mean": 90.0,
      "p95": 90.0,
      "max": 90.0
    },
    "max_angle": {
      "min": 90.0,
      "p05": 90.0,
      "median": 90.0,
      "mean": 90.0,
      "p95": 90.0,
      "max": 90.0
    },
    "skewness": {
      "min": 0.0,
      "p05": 0.0,
      "median": 0.0,
      "mean": 0.0,
      "p95": 0.0,
      "max": 0.0
    },
    "planarity": {
      "min": 0.0,
      "p05": 0.0,
      "median": 0.0,
      "mean": 0.0,
      "p95": 0.0,
      "max": 0.0
    },
    "jacobian": {
      "min": 1.0,
      "p05": 1.0,
      "median": 1.0,
      "mean": 1.0,
      "p95": 1.0,
      "max": 1.0
    },
    "n_sliver_quads": 0,
    "n_sliver_tris": 0,
    "n_nonplanar_quads": 0,
    "n_inverted_quads": 0
  },
  "after_stitch": {
    "label": "after_stitch",
    "n_vertices": 863,
    "n_quads": 800,
    "n_tris": 0,
    "n_free_edges": 124,
    "n_nonmanifold_edges": 0,
    "n_t_junctions": 0,
    "n_duplicate_verts": 0,
    "n_orphan_verts": 0,
    "n_components": 1,
    "mean_edge_length": 7.770003328605964,
    "edge_length_cv": 0.054349596806867906,
    "aspect_ratio": {
      "min": 1.03140495867768,
      "p05": 1.03140495867768,
      "median": 1.0314049586776874,
      "mean": 1.05963104404177,
      "p95": 1.0710743801652922,
      "max": 1.687349929579154
    },
    "min_angle": {
      "min": 57.60896880165248,
      "p05": 90.0,
      "median": 90.0,
      "mean": 89.42795078469817,
      "p95": 90.0,
      "max": 90.0
    },
    "max_angle": {
      "min": 90.0,
      "p05": 90.0,
      "median": 90.0,
      "mean": 90.25595025175407,
      "p95": 90.0,
      "max": 115.45314625243653
    },
    "skewness": {
      "min": 0.0,
      "p05": 0.0,
      "median": 0.0,
      "mean": 0.00635610239224257,
      "p95": 0.0,
      "max": 0.3599003466483058
    },
    "planarity": {
      "min": 0.0,
      "p05": 0.0,
      "median": 0.0,
      "mean": 0.009071546039069334,
      "p95": 0.0,
      "max": 0.7390673704171097
    },
    "jacobian": {
      "min": 0.8444117908682888,
      "p05": 1.0,
      "median": 1.0,
      "mean": 0.9975232129363198,
      "p95": 1.0,
      "max": 1.0
    },
    "n_sliver_quads": 0,
    "n_sliver_tris": 0,
    "n_nonplanar_quads": 16,
    "n_inverted_quads": 0
  },
  "parse": {
    "n_panels": 3,
    "n_fold_lines": 2
  }
}