{
  "case": "l_shape",
  "resolution": 8.0,
  "before_stitch": {
    "label": "before_stitch",
    "n_vertices": 434,
    "n_quads": 390,
    "n_tris": 0,
    "n_free_edges": 86,
    "n_nonmanifold_edges": 0,
    "n_t_junctions": 0,
    "n_duplicate_verts": 0,
    "n_orphan_verts": 0,
    "n_components": 1,
    "mean_edge_length": 7.8432563791008505,
    "edge_length_cv": 0.01042093993608141,
    "aspect_ratio": {
      "min": 1.015779092702166,
      "p05": 1.015779092702166,
      "median": 1.0201574508603701,
      "mean": 1.0201574508603688,
      "p95": 1.0245358090185708,
      "max": 1.0245358090185708
    },
    "min_angle": {
      "min": 90.0,
      "p05": 90.0,
      "median": 90.0,
      "mean": 90.0,
      "p95": 90.0,
      "max": 90.0
    },
    "max_angle": {
      "min": 90.0,
      "p05": 90.0,
      "median": 90.0,
      "mean": 90.0,
      "p95": 90.0,
      "max": 90.0
    },
    "skewness": {
      "min": 0.0,
      "p05": 0.0,
      "median": 0.0,
      "mean": 0.0,
      "p95": 0.0,
      "max": 0.0
    },
    "planarity": {
      "min": 0.0,
      "p05": 0.0,
      "median": 0.0,
      "mean": 0.0,
      "p95": 0.0,
      "max": 0.0
    },
    "jacobian": {
      "min": 1.0,
      "p05": 1.0,
      "median": 1.0,
      "mean": 1.0,
      "p95": 1.0,
      "max": 1.0
    },
    "n_sliver_quads": 0,
    "n_sliver_tris": 0,
    "n_nonplanar_quads": 0,
    "n_inverted_quads": 0
  },
  "after_stitch": {
    "label": "after_stitch",
    "n_vertices": 434,
    "n_quads": 390,
    "n_tris": 0,
    "n_free_edges": 82,
    "n_nonmanifold_edges": 0,
    "n_t_junctions": 0,
    "n_duplicate_verts": 2,
    "n_orphan_verts": 2,
    "n_components": 1,
    "mean_edge_length": 7.8682587610726165,
    "edge_length_cv": 0.04601742455772196,
    "aspect_ratio": {
      "min": 1.015779092702166,
      "p05": 1.015779092702166,
      "median": 1.0245358090185634,
      "mean": 1.0334518715780125,
      "p95": 1.0245358090185708,
      "max": 1.7553710239706344
    },
    "min_angle": {
      "min": 59.337751960722926,
      "p05": 90.0,
      "median": 90.0,
      "mean": 89.44217619732726,
      "p95": 90.0,
      "max": 90.0
    },
    "max_angle": {
      "min": 90.0,
      "p05": 90.0,
      "median": 90.0,
      "mean": 90.24507466780854,
      "p95": 90.0,
      "max": 113.86291970166549
    },
    "skewness": {
      "min": 0.0,
      "p05": 0.0,
      "median": 0.0,
      "mean": 0.00619804225191918,
      "p95": 0.0,
      "max": 0.3406916448808564
    },
    "planarity": {
      "min": 0.0,
      "p05": 0.0,
      "median": 0.0,
      "mean": 0.00910158113735067,
      "p95": 0.0,
      "max": 0.7134716931173071
    },
    "jacobian": {
      "min": 0.8601884796161371,
      "p05": 1.0,
      "median": 1.0,
      "mean": 0.9976997365033331,
      "p95": 1.0,
      "max": 1.0
    },
    "n_sliver_quads": 0,
    "n_sliver_tris": 0,
    "n_nonplanar_quads": 8,
    "n_inverted_quads": 0
  },
  "parse": {
    "n_panels": 2,
    "n_fold_lines": 1
  }
}