{
  "case": "closed_box",
  "resolution": 8.0,
  "before_stitch": {
    "label": "before_stitch",
    "n_vertices": 1852,
    "n_quads": 1738,
    "n_tris": 0,
    "n_free_edges": 246,
    "n_nonmanifold_edges": 0,
    "n_t_junctions": 0,
    "n_duplicate_verts": 0,
    "n_orphan_verts": 0,
    "n_components": 1,
    "mean_edge_length": 7.743144963192119,
    "edge_length_cv": 0.11845084107454186,
    "aspect_ratio": {
      "min": 1.0,
      "p05": 1.0,
      "median": 1.0788461538461487,
      "mean": 1.1662694671108582,
      "p95": 1.0788461538461567,
      "max": 3.8235294117647243
    },
    "min_angle": {
      "min": 65.81468858741138,
      "p05": 90.0,
      "median": 90.0,
      "mean": 89.8997652280694,
      "p95": 90.0,
      "max": 90.0
    },
    "max_angle": {
      "min": 90.0,
      "p05": 90.0,
      "median": 90.0,
      "mean": 90.07422743846759,
      "p95": 90.0,
      "max": 103.25712655641068
    },
    "skewness": {
      "min": 0.0,
      "p05": 0.0,
      "median": 0.0,
      "mean": 0.001113719688117847,
      "p95": 0.0,
      "max": 0.26872568236209576
    },
    "planarity": {
      "min": 0.0,
      "p05": 0.0,
      "median": 0.0,
      "mean": 0.0010867509605149517,
      "p95": 0.0,
      "max": 0.2320815932144899
    },
    "jacobian": {
      "min": 0.9122251757935406,
      "p05": 1.0,
      "median": 1.0,
      "mean": 0.9997266179689274,
      "p95": 1.0,
      "max": 1.0
    },
    "n_sliver_quads": 0,
    "n_sliver_tris": 0,
    "n_nonplanar_quads": 10,
    "n_inverted_quads": 0
  },
  "after_stitch": {
    "label": "after_stitch",
    "n_vertices": 1746,
    "n_quads": 1738,
    "n_tris": 0,
    "n_free_edges": 28,
    "n_nonmanifold_edges": 0,
    "n_t_junctions": 0,
    "n_duplicate_verts": 0,
    "n_orphan_verts": 0,
    "n_components": 1,
    "mean_edge_length": 7.79806162138512,
    "edge_length_cv": 0.12555293193517986,
    "aspect_ratio": {
      "min": 1.0,
      "p05": 1.0,
      "median": 1.0788461538461487,
      "mean": 1.1746245520070047,
      "p95": 1.230590431724086,
      "max": 3.8235294117647243
    },
    "min_angle": {
      "min": 75.35516268792179,
      "p05": 83.19470798950289,
      "median": 90.0,
      "mean": 89.3778824152337,
      "p95": 90.0,
      "max": 90.0
    },
    "max_angle": {
      "min": 90.0,
      "p05": 90.0,
      "median": 90.0,
      "mean": 90.6094058273652,
      "p95": 96.86148912184946,
      "max": 104.64483731207822
    },
    "skewness": {
      "min": 0.0,
      "p05": 0.0,
      "median": 0.0,
      "mean": 0.007071561584681136,
      "p95": 0.08023632835818673,
      "max": 0.16272041457864692
    },
    "planarity": {
      "min": 0.0,
      "p05": 0.0,
      "median": 0.0,
      "mean": 0.0015996897555471533,
      "p95": 0.0,
      "max": 0.22652754979405282
    },
    "jacobian": {
      "min": 0.9675116151152409,
      "p05": 0.9920681062865256,
      "median": 1.0,
      "mean": 0.9990747410367161,
      "p95": 1.0,
      "max": 1.0
    },
    "n_sliver_quads": 0,
    "n_sliver_tris": 0,
    "n_nonplanar_quads": 22,
    "n_inverted_quads": 0
  },
  "parse": {
    "n_panels": 6,
    "n_fold_lines": 5
  }
}