{
  "case": "mixed_fold_dirs",
  "resolution": 4.0,
  "before_stitch": {
    "label": "before_stitch",
    "n_vertices": 3854,
    "n_quads": 3720,
    "n_tris": 0,
    "n_free_edges": 266,
    "n_nonmanifold_edges": 0,
    "n_t_junctions": 0,
    "n_duplicate_verts": 0,
    "n_orphan_verts": 0,
    "n_components": 1,
    "mean_edge_length": 3.978344117258682,
    "edge_length_cv": 0.008695995536262503,
    "aspect_ratio": {
      "min": 1.0,
      "p05": 1.0,
      "median": 1.0196078431372446,
      "mean": 1.0109635251950242,
      "p95": 1.0196078431372595,
      "max": 1.0196078431372595
    },
    "min_angle": {
      "min": 90.0,
      "p05": 90.0,
      "median": 90.0,
      "mean": 90.0,
      "p95": 90.0,
      "max": 90.0
    },
    "max_angle": {
      "min": 90.0,
      "p05": 90.0,
      "median": 90.0,
      "mean": 90.0,
      "p95": 90.0,
      "max": 90.0
    },
    "skewness": {
      "min": 0.0,
      "p05": 0.0,
      "median": 0.0,
      "mean": 0.0,
      "p95": 0.0,
      "max": 0.0
    },
    "planarity": {
      "min": 0.0,
      "p05": 0.0,
      "median": 0.0,
      "mean": 0.0,
      "p95": 0.0,
      "max": 0.0
    },
    "jacobian": {
      "min": 1.0,
      "p05": 1.0,
      "median": 1.0,
      "mean": 1.0,
      "p95": 1.0,
      "max": 1.0
    },
    "n_sliver_quads": 0,
    "n_sliver_tris": 0,
    "n_nonplanar_quads": 0,
    "n_inverted_quads": 0
  },
  "after_stitch": {
    "label": "after_stitch",
    "n_vertices": 3850,
    "n_quads": 3720,
    "n_tris": 0,
    "n_free_edges": 258,
    "n_nonmanifold_edges": 0,
    "n_t_junctions": 0,
    "n_duplicate_verts": 0,
    "n_orphan_verts": 0,
    "n_components": 1,
    "mean_edge_length": 3.981106996282283,
    "edge_length_cv": 0.022893783919890314,
    "aspect_ratio": {
      "min": 1.0,
      "p05": 1.0,
      "median": 1.0196078431372446,
      "mean": 1.0137695725604527,
      "p95": 1.0196078431372595,
      "max": 1.7432243949746382
    },
    "min_angle": {
      "min": 59.06324481712687,
      "p05": 90.0,
      "median": 90.0,
      "mean": 89.88215051030656,
      "p95": 90.0,
      "max": 90.0
    },
    "max_angle": {
      "min": 90.0,
      "p05": 90.0,
      "median": 90.0,
      "mean": 90.0521480136265,
      "p95": 90.0,
      "max": 114.17659477553477
    },
    "skewness": {
      "min": 0.0,
      "p05": 0.0,
      "median": 0.0,
      "mean": 0.0013094387743716198,
      "p95": 0.0,
      "max": 0.34374172425414584
    },
    "planarity": {
      "min": 0.0,
      "p05": 0.0,
      "median": 0.0,
      "mean": 0.0019147899372692662,
      "p95": 0.0,
      "max": 0.7178018328498905
    },
    "jacobian": {
      "min": 0.857735293012165,
      "p05": 1.0,
      "median": 1.0,
      "mean": 0.999510463923724,
      "p95": 1.0,
      "max": 1.0
    },
    "n_sliver_quads": 0,
    "n_sliver_tris": 0,
    "n_nonplanar_quads": 16,
    "n_inverted_quads": 0
  },
  "parse": {
    "n_panels": 3,
    "n_fold_lines": 2
  }
}