{
  "case": "box_unfolding",
  "resolution": 2.0,
  "before_stitch": {
    "label": "before_stitch",
    "n_vertices": 28085,
    "n_quads": 27612,
    "n_tris": 0,
    "n_free_edges": 1392,
    "n_nonmanifold_edges": 0,
    "n_t_junctions": 0,
    "n_duplicate_verts": 0,
    "n_orphan_verts": 0,
    "n_components": 1,
    "mean_edge_length": 1.4935289329584136,
    "edge_length_cv": 0.5692088976084385,
    "aspect_ratio": {
      "min": 1.0,
      "p05": 1.0001473839351418,
      "median": 1.0001473839351704,
      "mean": 119.39593820481029,
      "p95": 571.4999999998846,
      "max": 3450.999999885465
    },
    "min_angle": {
      "min": 90.0,
      "p05": 90.0,
      "median": 90.0,
      "mean": 90.0,
      "p95": 90.0,
      "max": 90.0
    },
    "max_angle": {
      "min": 90.0,
      "p05": 90.0,
      "median": 90.0,
      "mean": 90.0,
      "p95": 90.0,
      "max": 90.0
    },
    "skewness": {
      "min": 0.0,
      "p05": 0.0,
      "median": 0.0,
      "mean": 0.0,
      "p95": 0.0,
      "max": 0.0
    },
    "planarity": {
      "min": 0.0,
      "p05": 0.0,
      "median": 0.0,
      "mean": 0.0,
      "p95": 0.0,
      "max": 0.0
    },
    "jacobian": {
      "min": 1.0,
      "p05": 1.0,
      "median": 1.0,
      "mean": 1.0,
      "p95": 1.0,
      "max": 1.0
    },
    "n_sliver_quads": 7520,
    "n_sliver_tris": 0,
    "n_nonplanar_quads": 0,
    "n_inverted_quads": 0
  },
  "after_stitch": {
    "label": "after_stitch",
    "n_vertices": 28085,
    "n_quads": 27612,
    "n_tris": 0,
    "n_free_edges": 920,
    "n_nonmanifold_edges": 0,
    "n_t_junctions": 0,
    "n_duplicate_verts": 240,
    "n_orphan_verts": 240,
    "n_components": 1,
    "mean_edge_length": 1.5015776175876394,
    "edge_length_cv": 0.5751030842630593,
    "aspect_ratio": {
      "min": 1.0,
      "p05": 1.0001473839351418,
      "median": 1.000582411182314,
      "mean": 119.41024046450511,
      "p95": 571.4999999998846,
      "max": 3450.999999885465
    },
    "min_angle": {
      "min": 63.44145020945233,
      "p05": 90.0,
      "median": 90.0,
      "mean": 89.97643014959246,
      "p95": 90.0,
      "max": 90.0
    },
    "max_angle": {
      "min": 78.85873684510766,
      "p05": 90.0,
      "median": 90.0,
      "mean": 90.01358617233866,
      "p95": 90.0,
      "max": 116.47241989593529
    },
    "skewness": {
      "min": 0.0,
      "p05": 0.0,
      "median": 0.0,
      "mean": 0.0002747574799176618,
      "p95": 0.0,
      "max": 0.29509499767275194
    },
    "planarity": {
      "min": 0.0,
      "p05": 0.0,
      "median": 0.0,
      "mean": 0.0002825084398262352,
      "p95": 0.0,
      "max": 0.7614018115668568
    },
    "jacobian": {
      "min": 0.8944779308369835,
      "p05": 1.0,
      "median": 1.0,
      "mean": 0.9999056647614728,
      "p95": 1.0,
      "max": 1.0
    },
    "n_sliver_quads": 7520,
    "n_sliver_tris": 0,
    "n_nonplanar_quads": 16,
    "n_inverted_quads": 0
  },
  "parse": {
    "n_panels": 5,
    "n_fold_lines": 4
  }
}