{
  "case": "triple_junction",
  "resolution": 4.0,
  "before_stitch": {
    "label": "before_stitch",
    "n_vertices": 3514,
    "n_quads": 3366,
    "n_tris": 0,
    "n_free_edges": 294,
    "n_nonmanifold_edges": 0,
    "n_t_junctions": 0,
    "n_duplicate_verts": 30,
    "n_orphan_verts": 0,
    "n_components": 1,
    "mean_edge_length": 3.961258903910452,
    "edge_length_cv": 0.012887608730630832,
    "aspect_ratio": {
      "min": 1.0089869281045676,
      "p05": 1.0089869281045711,
      "median": 1.0097789115646314,
      "mean": 1.0200001569255153,
      "p95": 1.0331632653061287,
      "max": 1.0331632653061362
    },
    "min_angle": {
      "min": 90.0,
      "p05": 90.0,
      "median": 90.0,
      "mean": 90.0,
      "p95": 90.0,
      "max": 90.0
    },
    "max_angle": {
      "min": 90.0,
      "p05": 90.0,
      "median": 90.0,
      "mean": 90.0,
      "p95": 90.0,
      "max": 90.0
    },
    "skewness": {
      "min": 0.0,
      "p05": 0.0,
      "median": 0.0,
      "mean": 0.0,
      "p95": 0.0,
      "max": 0.0
    },
    "planarity": {
      "min": 0.0,
      "p05": 0.0,
      "median": 0.0,
      "mean": 0.0,
      "p95": 0.0,
      "max": 0.0
    },
    "jacobian": {
      "min": 1.0,
      "p05": 1.0,
      "median": 1.0,
      "mean": 1.0,
      "p95": 1.0,
      "max": 1.0
    },
    "n_sliver_quads": 0,
    "n_sliver_tris": 0,
    "n_nonplanar_quads": 0,
    "n_inverted_quads": 0
  },
  "after_stitch": {
    "label": "after_stitch",
    "n_vertices": 3481,
    "n_quads": 3366,
    "n_tris": 0,
    "n_free_edges": 228,
    "n_nonmanifold_edges": 0,
    "n_t_junctions": 0,
    "n_duplicate_verts": 0,
    "n_orphan_verts": 0,
    "n_components": 1,
    "mean_edge_length": 3.9634521041371755,
    "edge_length_cv": 0.030053761833911757,
    "aspect_ratio": {
      "min": 1.0089869281045676,
      "p05": 1.0089869281045711,
      "median": 1.0097789115646314,
      "mean": 3.1987554453127793,
      "p95": 1.0331632653061287,
      "max": 3664.3494988599928
    },
    "min_angle": {
      "min": 45.923242982026274,
      "p05": 90.0,
      "median": 90.0,
      "mean": 89.8810425287395,
      "p95": 90.0,
      "max": 90.0
    },
    "max_angle": {
      "min": 90.0,
      "p05": 90.0,
      "median": 90.0,
      "mean": 90.06879705242336,
      "p95": 90.0,
      "max": 134.07675701797248
    },
    "skewness": {
      "min": 0.0,
      "p05": 0.0,
      "median": 0.0,
      "mean": 0.0013217496806720724,
      "p95": 0.0,
      "max": 0.4897417446441525
    },
    "planarity": {
      "min": 0.0,
      "p05": 0.0,
      "median": 0.0,
      "mean": 0.0010685627311324138,
      "p95": 0.0,
      "max": 0.728129308699808
    },
    "jacobian": {
      "min": -1.0,
      "p05": 1.0,
      "median": 1.0,
      "mean": 0.9988723294316577,
      "p95": 1.0,
      "max": 1.0
    },
    "n_sliver_quads": 2,
    "n_sliver_tris": 0,
    "n_nonplanar_quads": 8,
    "n_inverted_quads": 1
  },
  "parse": {
    "n_panels": 3,
    "n_fold_lines": 3
  }
}