{
  "case": "zigzag_6",
  "resolution": 8.0,
  "before_stitch": {
    "label": "before_stitch",
    "n_vertices": 921,
    "n_quads": 840,
    "n_tris": 0,
    "n_free_edges": 164,
    "n_nonmanifold_edges": 0,
    "n_t_junctions": 0,
    "n_duplicate_verts": 0,
    "n_orphan_verts": 0,
    "n_components": 1,
    "mean_edge_length": 7.958281738083129,
    "edge_length_cv": 0.02459569760783857,
    "aspect_ratio": {
      "min": 1.0322580645161252,
      "p05": 1.032258064516129,
      "median": 1.032258064516129,
      "mean": 1.0334293394777263,
      "p95": 1.03409090909091,
      "max": 1.2840909090909065
    },
    "min_angle": {
      "min": 75.96375653207369,
      "p05": 90.0,
      "median": 90.0,
      "mean": 89.96658037269542,
      "p95": 90.0,
      "max": 90.0
    },
    "max_angle": {
      "min": 90.0,
      "p05": 90.0,
      "median": 90.0,
      "mean": 90.03341962730458,
      "p95": 90.0,
      "max": 104.03624346792627
    },
    "skewness": {
      "min": 0.0,
      "p05": 0.0,
      "median": 0.0,
      "mean": 0.00037132919227318283,
      "p95": 0.0,
      "max": 0.1559582607547368
    },
    "planarity": {
      "min": 0.0,
      "p05": 0.0,
      "median": 0.0,
      "mean": 2.805898055154428e-19,
      "p95": 0.0,
      "max": 1.3055678597806782e-16
    },
    "jacobian": {
      "min": 0.9701425001453318,
      "p05": 1.0,
      "median": 1.0,
      "mean": 0.9999289107146319,
      "p95": 1.0,
      "max": 1.0
    },
    "n_sliver_quads": 0,
    "n_sliver_tris": 0,
    "n_nonplanar_quads": 0,
    "n_inverted_quads": 0
  },
  "after_stitch": {
    "label": "after_stitch",
    "n_vertices": 911,
    "n_quads": 840,
    "n_tris": 0,
    "n_free_edges": 144,
    "n_nonmanifold_edges": 0,
    "n_t_junctions": 0,
    "n_duplicate_verts": 0,
    "n_orphan_verts": 0,
    "n_components": 1,
    "mean_edge_length": 8.017730044498213,
    "edge_length_cv": 0.0717829005534688,
    "aspect_ratio": {
      "min": 1.0322580645161252,
      "p05": 1.032258064516129,
      "median": 1.032258064516129,
      "mean": 1.0639168987225438,
      "p95": 1.0465909090909087,
      "max": 1.7694952454067734
    },
    "min_angle": {
      "min": 58.63271533427944,
      "p05": 89.29818782660372,
      "median": 90.0,
      "mean": 88.670067783528,
      "p95": 90.0,
      "max": 90.0
    },
    "max_angle": {
      "min": 90.0,
      "p05": 90.0,
      "median": 90.0,
      "mean": 90.60987308449691,
      "p95": 90.0,
      "max": 114.95403083367957
    },
    "skewness": {
      "min": 0.0,
      "p05": 0.0,
      "median": 0.0,
      "mean": 0.014777024627466752,
      "p95": 0.007797913037729747,
      "max": 0.3485253851746729
    },
    "planarity": {
      "min": 0.0,
      "p05": 0.0,
      "median": 0.0,
      "mean": 0.02113404658522281,
      "p95": 5.256932532740425e-18,
      "max": 0.7245924861557009
    },
    "jacobian": {
      "min": 0.853848149563115,
      "p05": 0.9985071250072667,
      "median": 1.0,
      "mean": 0.9945745221295013,
      "p95": 1.0,
      "max": 1.0
    },
    "n_sliver_quads": 0,
    "n_sliver_tris": 0,
    "n_nonplanar_quads": 40,
    "n_inverted_quads": 0
  },
  "parse": {
    "n_panels": 6,
    "n_fold_lines": 5
  }
}