{
  "case": "box_unfolding",
  "resolution": 8.0,
  "before_stitch": {
    "label": "before_stitch",
    "n_vertices": 1280,
    "n_quads": 1189,
    "n_tris": 0,
    "n_free_edges": 196,
    "n_nonmanifold_edges": 0,
    "n_t_junctions": 0,
    "n_duplicate_verts": 0,
    "n_orphan_verts": 0,
    "n_components": 1,
    "mean_edge_length": 7.562310337108403,
    "edge_length_cv": 0.12866230511486695,
    "aspect_ratio": {
      "min": 1.0,
      "p05": 1.0,
      "median": 1.017391304347825,
      "mean": 1.1579593186206674,
      "p95": 2.8150293180853527,
      "max": 3.833333333333343
    },
    "min_angle": {
      "min": 73.44770271652679,
      "p05": 90.0,
      "median": 90.0,
      "mean": 89.88863046403046,
      "p95": 90.0,
      "max": 90.0
    },
    "max_angle": {
      "min": 90.0,
      "p05": 90.0,
      "median": 90.0,
      "mean": 90.0938509677501,
      "p95": 90.0,
      "max": 103.94860008185988
    },
    "skewness": {
      "min": 0.0,
      "p05": 0.0,
      "median": 0.0,
      "mean": 0.0012374392885504638,
      "p95": 0.0,
      "max": 0.18391441426081342
    },
    "planarity": {
      "min": 0.0,
      "p05": 0.0,
      "median": 0.0,
      "mean": 0.00139382433288751,
      "p95": 0.0,
      "max": 0.23784713143451075
    },
    "jacobian": {
      "min": 0.9585600977078861,
      "p05": 1.0,
      "median": 1.0,
      "mean": 0.9997211781174627,
      "p95": 1.0,
      "max": 1.0
    },
    "n_sliver_quads": 0,
    "n_sliver_tris": 0,
    "n_nonplanar_quads": 8,
    "n_inverted_quads": 0
  },
  "after_stitch": {
    "label": "after_stitch",
    "n_vertices": 1220,
    "n_quads": 1189,
    "n_tris": 0,
    "n_free_edges": 68,
    "n_nonmanifold_edges": 0,
    "n_t_junctions": 0,
    "n_duplicate_verts": 0,
    "n_orphan_verts": 0,
    "n_components": 1,
    "mean_edge_length": 7.6245737039726675,
    "edge_length_cv": 0.1414967582878458,
    "aspect_ratio": {
      "min": 1.0,
      "p05": 1.0,
      "median": 1.017391304347825,
      "mean": 1.176750321817594,
      "p95": 3.040460512053965,
      "max": 3.833333333333343
    },
    "min_angle": {
      "min": 52.93337805208289,
      "p05": 90.0,
      "median": 90.0,
      "mean": 89.48554448879722,
      "p95": 90.0,
      "max": 90.0
    },
    "max_angle": {
      "min": 87.41896756304216,
      "p05": 90.0,
      "median": 90.0,
      "mean": 90.26183906663779,
      "p95": 90.0,
      "max": 117.7771100285138
    },
    "skewness": {
      "min": 0.0,
      "p05": 0.0,
      "median": 0.0,
      "mean": 0.005716172346697703,
      "p95": 0.0,
      "max": 0.4118513549768568
    },
    "planarity": {
      "min": 0.0,
      "p05": 0.0,
      "median": 0.0,
      "mean": 0.0072064656455471275,
      "p95": 0.0,
      "max": 0.9639630252746483
    },
    "jacobian": {
      "min": 0.7979351964457744,
      "p05": 1.0,
      "median": 1.0,
      "mean": 0.9976033503156546,
      "p95": 1.0,
      "max": 1.0000000000000002
    },
    "n_sliver_quads": 0,
    "n_sliver_tris": 0,
    "n_nonplanar_quads": 24,
    "n_inverted_quads": 0
  },
  "parse": {
    "n_panels": 5,
    "n_fold_lines": 4
  }
}